benchmark,onnx_file,vnnlib_file,verdict,wall_s,train_s,verify_s,vnncomp_timeout_s,coverage,q,epsilon_total,delta_total,amls_bounded_eps_2_upper,amls_bounded_detected_unsafe,amls_levels_used,cex_x,cex_y,error,timestamp
dist_shift_2023,mnist_concat.onnx,index7901_delta0.13.vnnlib,UNSAT,63.0,50.7,11.2,300,1.0000,4.4280,0.0010,0.9960,3.1125e-30,False,30,,,,2026-05-02T07:11:41.825639+00:00
dist_shift_2023,mnist_concat.onnx,index6323_delta0.13.vnnlib,UNSAT,61.7,49.7,11.1,300,1.0000,4.9233,0.0010,0.9960,3.1125e-30,False,30,,,,2026-05-02T07:12:52.292973+00:00
dist_shift_2023,mnist_concat.onnx,index7027_delta0.13.vnnlib,UNSAT,67.5,50.9,15.0,300,1.0000,4.8551,0.0010,0.9960,3.1125e-30,False,30,,,,2026-05-02T07:14:08.614630+00:00
dist_shift_2023,mnist_concat.onnx,index7116_delta0.13.vnnlib,UNSAT,62.4,49.9,11.1,300,0.9995,4.4972,0.0010,0.9960,3.1125e-30,False,30,,,,2026-05-02T07:15:19.859846+00:00
dist_shift_2023,mnist_concat.onnx,index1373_delta0.13.vnnlib,UNSAT,62.5,49.7,11.3,300,0.9995,4.3575,0.0010,0.9960,3.1125e-30,False,30,,,,2026-05-02T07:16:31.317713+00:00
dist_shift_2023,mnist_concat.onnx,index6957_delta0.13.vnnlib,UNSAT,67.5,50.7,15.3,300,1.0000,4.3034,0.0010,0.9960,3.1125e-30,False,30,,,,2026-05-02T07:17:47.679695+00:00
dist_shift_2023,mnist_concat.onnx,index365_delta0.13.vnnlib,UNSAT,67.1,50.7,15.0,300,0.9995,5.2107,0.0010,0.9960,3.1125e-30,False,30,,,,2026-05-02T07:19:03.818228+00:00
dist_shift_2023,mnist_concat.onnx,index8900_delta0.13.vnnlib,UNSAT,62.4,49.7,11.3,300,1.0000,4.4482,0.0010,0.9960,3.1125e-30,False,30,,,,2026-05-02T07:20:15.091898+00:00
dist_shift_2023,mnist_concat.onnx,index9733_delta0.13.vnnlib,UNSAT,67.1,54.3,11.2,300,1.0000,4.8703,0.0010,0.9960,3.1125e-30,False,30,,,,2026-05-02T07:21:31.140368+00:00
dist_shift_2023,mnist_concat.onnx,index9154_delta0.13.vnnlib,UNSAT,66.4,53.5,11.3,300,1.0000,5.2619,0.0010,0.9960,3.1125e-30,False,30,,,,2026-05-02T07:22:46.515611+00:00
dist_shift_2023,mnist_concat.onnx,index5938_delta0.13.vnnlib,UNSAT,62.7,50.2,11.0,300,1.0000,4.6434,0.0010,0.9960,3.1125e-30,False,30,,,,2026-05-02T07:23:58.057210+00:00
dist_shift_2023,mnist_concat.onnx,index8964_delta0.13.vnnlib,UNSAT,62.6,49.7,11.3,300,1.0000,4.2648,0.0010,0.9960,3.1125e-30,False,30,,,,2026-05-02T07:25:09.172812+00:00
dist_shift_2023,mnist_concat.onnx,index4665_delta0.13.vnnlib,UNSAT,66.9,50.8,15.1,300,1.0000,4.3778,0.0010,0.9960,3.1125e-30,False,30,,,,2026-05-02T07:26:25.012153+00:00
dist_shift_2023,mnist_concat.onnx,index2204_delta0.13.vnnlib,UNSAT,62.7,50.6,11.3,300,1.0000,4.6740,0.0010,0.9960,3.1125e-30,False,30,,,,2026-05-02T07:27:36.626970+00:00
dist_shift_2023,mnist_concat.onnx,index6405_delta0.13.vnnlib,UNSAT,62.5,50.2,11.1,300,1.0000,4.3584,0.0010,0.9960,3.1125e-30,False,30,,,,2026-05-02T07:28:47.893166+00:00
dist_shift_2023,mnist_concat.onnx,index4739_delta0.13.vnnlib,SAT,0.3,0.0,0.0,300,,,,,,,,"[0.0, 0.0, 0.0, 0.0, 0.0, 0.0, 0.0, 0.0, 0.0, 0.0, 0.0, 0.0, 0.0, 0.0, 0.0, 0.0, 0.0, 0.0, 0.0, 0.0, 0.0, 0.0, 0.0, 0.0, 0.0, 0.0, 0.0, 0.0, 0.0, 0.0, 0.0, 0.0, 0.0, 0.0, 0.0, 0.0, 0.0, 0.0, 0.0, 0.0, 0.0, 0.0, 0.0, 0.0, 0.0, 0.0, 0.0, 0.0, 0.0, 0.0, 0.0, 0.0, 0.0, 0.0, 0.0, 0.0, 0.0, 0.0, 0.0, 0.0, 0.0, 0.0, 0.0, 0.0, 0.0, 0.0, 0.0, 0.0, 0.0, 0.0, 0.0, 0.0, 0.0, 0.0, 0.0, 0.0, 0.0, 0.0, 0.0, 0.0, 0.0, 0.0, 0.0, 0.0, 0.0, 0.0, 0.0, 0.0, 0.0, 0.0, 0.0, 0.0, 0.0, 0.0, 0.0, 0.0, 0.0, 0.0, 0.0, 0.0, 0.0, 0.0, 0.0, 0.0, 0.0, 0.0, 0.0, 0.0, 0.0, 0.0, 0.0, 0.0, 0.0, 0.0, 0.0, 0.0, 0.0, 0.0, 0.0, 0.0, 0.0, 0.0, 0.0, 0.0, 0.0, 0.0, 0.0, 0.0, 0.0, 0.0, 0.0, 0.0, 0.0, 0.0, 0.0, 0.0, 0.0, 0.0, 0.0, 0.0, 0.0, 0.0, 0.0, 0.0, 0.0, 0.0, 0.0, 0.0, 0.0, 0.0, 0.0, 0.0, 0.0, 0.0, 0.0, 0.0, 0.0, 0.0, 0.0, 0.0, 0.0, 0.0, 0.0, 0.0, 0.0, 0.0, 0.0, 0.0, 0.0, 0.0, 0.0, 0.0, 0.0, 0.0, 0.0, 0.0, 0.0, 0.0, 0.0, 0.0, 0.0, 0.0, 0.0, 0.0, 0.0, 0.09803921729326248, 0.0235294122248888, 0.0, 0.0, 0.0, 0.0, 0.0, 0.0, 0.0, 0.0, 0.0, 0.0, 0.0, 0.0, 0.0, 0.0, 0.0, 0.0, 0.0, 0.0, 0.0, 0.0, 0.0, 0.0, 0.08627451211214066, 0.1568627506494522, 0.5372549295425415, 0.8313725590705872, 0.8235294222831726, 0.1568627506494522, 0.3921568691730499, 0.062745101749897, 0.0, 0.0, 0.0, 0.0, 0.0, 0.0, 0.0, 0.0, 0.0, 0.0, 0.0, 0.0, 0.0, 0.0, 0.0, 0.0, 0.0, 0.0, 0.062745101749897, 0.615686297416687, 0.886274516582489, 0.9921568632125854, 0.9960784316062927, 0.9921568632125854, 0.9921568632125854, 0.4627451002597809, 0.9019607901573181, 0.23529411852359772, 0.2078431397676468, 0.6470588445663452, 0.0313725508749485, 0.0, 0.0, 0.0, 0.0, 0.0, 0.0, 0.0, 0.0, 0.0, 0.0, 0.0, 0.0, 0.0, 0.0, 0.054901961237192154, 0.5529412031173706, 0.8784313797950745, 0.95686274766922, 0.615686297416687, 1.0, 0.8274509906768799, 0.6000000238418579, 0.9333333373069763, 0.9058823585510254, 0.7098039388656616, 0.8117647171020508, 0.9215686321258545, 0.0941176488995552, 0.054901961237192154, 0.0, 0.0, 0.0, 0.0, 0.0, 0.0, 0.0, 0.0, 0.0, 0.0, 0.0, 0.0, 0.0, 0.5843137502670288, 0.9921568632125854, 0.9686274528503418, 0.6235294342041016, 0.0, 0.2980392277240753, 0.08235294371843338, 0.0470588244497776, 0.15294118225574493, 0.4470588266849518, 0.2666666805744171, 0.27843138575553894, 0.9215686321258545, 0.658823549747467, 0.16862745583057404, 0.0, 0.0, 0.0, 0.0, 0.0, 0.0, 0.0, 0.0, 0.0, 0.0, 0.0, 0.22745098173618317, 0.686274528503418, 0.9960784316062927, 0.9921568632125854, 0.6823529601097107, 0.0, 0.0, 0.0, 0.0, 0.0, 0.0, 0.0, 0.0, 0.0, 0.42352941632270813, 0.9921568632125854, 0.8745098114013672, 0.0, 0.0, 0.0, 0.0, 0.0, 0.0, 0.0, 0.0, 0.0, 0.4000000059604645, 0.2235294133424759, 0.7411764860153198, 0.9921568632125854, 0.8980392217636108, 0.658823549747467, 0.16862745583057404, 0.0, 0.0, 0.0, 0.0, 0.0, 0.0, 0.0, 0.0, 0.0, 0.3686274588108063, 0.9921568632125854, 0.843137264251709, 0.0, 0.0, 0.0, 0.0, 0.0, 0.0, 0.0, 0.0, 0.239215686917305, 0.6627451181411743, 0.9215686321258545, 0.9725490212440491, 0.6941176652908325, 0.09019608050584793, 0.0, 0.0, 0.0, 0.0, 0.0, 0.0, 0.0, 0.0, 0.0, 0.0, 0.18039216101169586, 0.8039215803146362, 0.9921568632125854, 0.9921568632125854, 0.0, 0.0, 0.0, 0.0, 0.0, 0.0, 0.0, 0.0, 0.7019608020782471, 0.9960784316062927, 0.9960784316062927, 0.2823529541492462, 0.09019608050584793, 0.0, 0.0, 0.0, 0.0, 0.0, 0.0, 0.0, 0.0, 0.0, 0.0, 0.23137255012989044, 0.9372549057006836, 0.9960784316062927, 0.9960784316062927, 0.46666666865348816, 0.0, 0.0, 0.0, 0.0, 0.0, 0.0, 0.0, 0.0, 0.8470588326454163, 0.9921568632125854, 0.40784314274787903, 0.0117647061124444, 0.0, 0.0, 0.0, 0.0, 0.0, 0.0, 0.0, 0.0, 0.027450980618596077, 0.2862745225429535, 0.7529411911964417, 0.7882353067398071, 0.9921568632125854, 0.9921568632125854, 0.8901960849761963, 0.18039216101169586, 0.0, 0.0, 0.0, 0.0, 0.0, 0.0, 0.0, 0.0, 0.9960784316062927, 0.9921568632125854, 0.5686274766921997, 0.0, 0.0, 0.0, 0.0, 0.0, 0.12156862765550613, 0.12156862765550613, 0.4000000059604645, 0.686274528503418, 0.7803921699523926, 0.9921568632125854, 0.9921568632125854, 0.9960784316062927, 0.9921568632125854, 0.7764706015586853, 0.16862745583057404, 0.0, 0.0, 0.0, 0.0, 0.0, 0.0, 0.0, 0.0, 0.0, 0.6392157077789307, 0.9921568632125854, 0.9686274528503418, 0.8588235378265381, 0.5333333611488342, 0.9215686321258545, 0.9176470637321472, 0.9176470637321472, 0.7960784435272217, 0.9450980424880981, 0.9960784316062927, 0.9921568632125854, 0.9921568632125854, 0.9921568632125854, 0.929411768913269, 0.6039215922355652, 0.27843138575553894, 0.0235294122248888, 0.0, 0.0, 0.0, 0.0, 0.0, 0.0, 0.0, 0.0, 0.0, 0.0, 0.23137255012989044, 0.9333333373069763, 0.9921568632125854, 0.9921568632125854, 0.9921568632125854, 0.9960784316062927, 0.9921568632125854, 0.9921568632125854, 0.9921568632125854, 0.9921568632125854, 0.9960784316062927, 0.9921568632125854, 0.8705882430076599, 0.7568627595901489, 0.22745098173618317, 0.0, 0.0, 0.0, 0.0, 0.0, 0.0, 0.0, 0.0, 0.0, 0.0, 0.0, 0.0, 0.0, 0.0, 0.18039216101169586, 0.3843137323856354, 0.5882353186607361, 0.7647058963775635, 0.7686274647712708, 0.615686297416687, 0.9254902005195618, 0.9960784316062927, 0.9960784316062927, 1.0, 0.9764705896377563, 0.23529411852359772, 0.0, 0.0, 0.0, 0.0, 0.0, 0.0, 0.0, 0.0, 0.0, 0.0, 0.0, 0.0, 0.0, 0.0, 0.0, 0.0, 0.0, 0.0, 0.0, 0.0, 0.0, 0.0, 0.37254902720451355, 0.529411792755127, 0.6784313917160034, 0.15294118225574493, 0.1411764770746231, 0.0, 0.0, 0.0, 0.0, 0.0, 0.0, 0.0, 0.0, 0.0, 0.0, 0.0, 0.0, 0.0, 0.0, 0.0, 0.0, 0.0, 0.0, 0.0, 0.0, 0.0, 0.0, 0.0, 0.0, 0.0, 0.0, 0.0, 0.0, 0.0, 0.0, 0.0, 0.0, 0.0, 0.0, 0.0, 0.0, 0.0, 0.0, 0.0, 0.0, 0.0, 0.0, 0.0, 0.0, 0.0, 0.0, 0.0, 0.0, 0.0, 0.0, 0.0, 0.0, 0.0, 0.0, 0.0, 0.0, 0.0, 0.0, 0.0, 0.0, 0.0, 0.0, 0.0, 0.0, 0.0, 0.0, 0.0, 0.0, 0.0, 0.0, 0.0, 0.0, 0.0, 0.0, 0.0, 0.0, 0.0, 0.0, 0.0, 0.0, 0.0, 0.0, 0.0, 0.0, 0.0, 0.0, 0.0, 0.0, 0.0, 0.0, 0.0, 0.0, 0.0, 0.0, 0.0, 0.0, 0.0, 0.0, 0.0, 0.0, 0.0, 0.0, 0.0, 0.0, 0.0, 0.0, 0.0, 0.0, 0.0, 0.0, 0.0, 0.0, 0.0, 0.0, 0.0, 0.0, 0.0, 0.0, 0.0, 0.0, 0.0, 0.0, 0.0, 0.0, 0.0, 0.0, 0.0, 0.0, 0.0, 0.0, 0.0, 0.0, 0.0, 0.0, 0.0, 0.0, 0.0, 0.0, 0.0, 0.0, 0.0, 0.0, 0.0, 0.0, 0.0, 0.0, 0.0, 0.0, 0.0, 0.0, 0.0, 0.0, 0.0, 0.0, 0.0, 0.0, 0.0, 0.0, 0.0, 0.0, 0.0, 0.0, 0.0, 0.0, 0.0, 0.0, 0.0, 0.0, 0.0, 0.0, 0.0, 0.0, 0.0, 0.0, 0.0, 0.0, 0.0, 0.0, 0.0, 0.0, 0.0, 0.0, 0.0, 0.0, 0.0, 0.0, 0.0, 0.0, 0.0, 0.0, 0.0, 0.0, 0.0, 0.0, 0.0, 0.0, 0.0, 0.0, 0.0, 0.0, 0.0, 0.0, 0.0, 0.0, 0.0, 0.0, 0.0, -21.253782272338867, -86.28588104248047, -49.648929595947266, -28.425661087036133, -14.545367240905762, -37.05099868774414, -20.949447631835938, -50.41714096069336]","[-1.14670991897583, -47.71516799926758, -7.208138465881348, -9.029139518737793, -7.404815673828125, -5.044714450836182, -0.711152970790863, -9.363865852355957, -9.650349617004395, -6.474785804748535]",,2026-05-02T07:28:56.030782+00:00
dist_shift_2023,mnist_concat.onnx,index5291_delta0.13.vnnlib,UNKNOWN,63.1,50.1,11.4,300,1.0000,4.7619,0.0010,0.9960,3.1125e-30,True,30,,,,2026-05-02T07:30:07.455595+00:00
dist_shift_2023,mnist_concat.onnx,index5206_delta0.13.vnnlib,UNSAT,64.8,52.4,11.3,300,1.0000,3.8855,0.0010,0.9960,3.1125e-30,False,30,,,,2026-05-02T07:31:21.006909+00:00
dist_shift_2023,mnist_concat.onnx,index7329_delta0.13.vnnlib,UNSAT,66.2,49.8,15.2,300,1.0000,3.9084,0.0010,0.9960,3.1125e-30,False,30,,,,2026-05-02T07:32:36.262928+00:00
dist_shift_2023,mnist_concat.onnx,index292_delta0.13.vnnlib,UNSAT,69.8,56.6,11.6,300,1.0000,5.2030,0.0010,0.9960,3.1125e-30,False,30,,,,2026-05-02T07:33:54.823850+00:00
dist_shift_2023,mnist_concat.onnx,index1282_delta0.13.vnnlib,SAT,0.3,0.0,0.0,300,,,,,,,,"[0.0, 0.0, 0.0, 0.0, 0.0, 0.0, 0.0, 0.0, 0.0, 0.0, 0.0, 0.0, 0.0, 0.0, 0.0, 0.0, 0.0, 0.0, 0.0, 0.0, 0.0, 0.0, 0.0, 0.0, 0.0, 0.0, 0.0, 0.0, 0.0, 0.0, 0.0, 0.0, 0.0, 0.0, 0.0, 0.0, 0.0, 0.0, 0.0, 0.0, 0.0, 0.0, 0.0, 0.0, 0.0, 0.0, 0.0, 0.0, 0.0, 0.0, 0.0, 0.0, 0.0, 0.0, 0.0, 0.0, 0.0, 0.0, 0.0, 0.0, 0.0, 0.0, 0.0, 0.0, 0.0, 0.0, 0.0, 0.0, 0.0, 0.0, 0.0, 0.0, 0.0, 0.0, 0.0, 0.0, 0.0, 0.0, 0.0, 0.0, 0.0, 0.0, 0.0, 0.0, 0.0, 0.0, 0.0, 0.0, 0.0, 0.0, 0.0, 0.0, 0.0, 0.0, 0.0, 0.0, 0.0, 0.0, 0.0, 0.0, 0.0, 0.0, 0.0, 0.0, 0.0, 0.0, 0.0, 0.0, 0.0, 0.0, 0.0, 0.0, 0.0, 0.0, 0.0, 0.0, 0.0, 0.0, 0.0, 0.0, 0.0, 0.0, 0.0, 0.0, 0.0, 0.0, 0.0, 0.0, 0.0, 0.0, 0.0, 0.0, 0.0, 0.0, 0.0, 0.0, 0.0, 0.0, 0.0, 0.0, 0.0, 0.0, 0.0, 0.0, 0.0, 0.0, 0.0, 0.0, 0.0, 0.0, 0.0, 0.0, 0.07450980693101883, 0.34117648005485535, 0.6313725709915161, 0.8980392217636108, 1.0, 0.9960784316062927, 0.5058823823928833, 0.0, 0.0, 0.0, 0.0, 0.0, 0.0, 0.0, 0.0, 0.0, 0.0, 0.0, 0.0, 0.0, 0.0, 0.0, 0.0, 0.0, 0.0, 0.0, 0.019607843831181526, 0.3137255012989044, 0.929411768913269, 0.9921568632125854, 0.9921568632125854, 0.9921568632125854, 0.9960784316062927, 0.9921568632125854, 0.9843137264251709, 0.24705882370471954, 0.0, 0.0, 0.0, 0.0, 0.0, 0.0, 0.0, 0.0, 0.0, 0.0, 0.0, 0.0, 0.0, 0.0, 0.0, 0.0, 0.0, 0.11764705926179886, 0.7647058963775635, 0.9921568632125854, 0.9960784316062927, 0.9725490212440491, 0.8666666746139526, 0.6705882549285889, 0.6392157077789307, 0.9843137264251709, 0.9921568632125854, 0.2705882489681244, 0.0, 0.0, 0.0, 0.0, 0.0, 0.0, 0.0, 0.0, 0.0, 0.0, 0.0, 0.0, 0.0, 0.0, 0.0, 0.0, 0.10196078568696976, 0.8392156958580017, 0.9921568632125854, 0.9921568632125854, 0.6627451181411743, 0.21960784494876862, 0.0, 0.0, 0.0, 0.9019607901573181, 0.9921568632125854, 0.40392157435417175, 0.0, 0.0, 0.0, 0.0, 0.0, 0.0, 0.0, 0.0, 0.0, 0.0, 0.0, 0.0, 0.0, 0.0, 0.0, 0.0, 0.7333333492279053, 0.9960784316062927, 0.9686274528503418, 0.4627451002597809, 0.0, 0.0, 0.0, 0.0, 0.0, 0.9058823585510254, 0.9960784316062927, 0.6313725709915161, 0.0, 0.0, 0.0, 0.0, 0.0, 0.0, 0.0, 0.0, 0.0, 0.0, 0.0, 0.0, 0.0, 0.0, 0.0, 0.3333333432674408, 0.9960784316062927, 0.9921568632125854, 0.5686274766921997, 0.0, 0.0, 0.0, 0.0, 0.0, 0.14901961386203766, 0.9529411792755127, 0.9921568632125854, 0.8274509906768799, 0.0, 0.0, 0.0, 0.0, 0.0, 0.0, 0.0, 0.0, 0.0, 0.0, 0.0, 0.0, 0.0, 0.0, 0.0, 0.658823549747467, 0.9960784316062927, 0.8745098114013672, 0.16470588743686676, 0.0, 0.0, 0.0, 0.0, 0.0, 0.27450981736183167, 0.9921568632125854, 0.9921568632125854, 0.8235294222831726, 0.0, 0.0, 0.0, 0.0, 0.0, 0.0, 0.0, 0.0, 0.0, 0.0, 0.0, 0.0, 0.0, 0.0, 0.0, 0.7215686440467834, 0.9960784316062927, 0.45098039507865906, 0.0, 0.0, 0.0, 0.0, 0.0, 0.0, 0.6666666865348816, 0.9921568632125854, 0.9921568632125854, 0.501960813999176, 0.0, 0.0, 0.0, 0.0, 0.0, 0.0, 0.0, 0.0, 0.0, 0.0, 0.0, 0.0, 0.0, 0.0, 0.0941176488995552, 0.9960784316062927, 0.9960784316062927, 0.45098039507865906, 0.0, 0.0, 0.0, 0.0, 0.0, 0.3333333432674408, 0.9960784316062927, 0.9960784316062927, 0.9960784316062927, 0.2705882489681244, 0.0, 0.0, 0.0, 0.0, 0.0, 0.0, 0.0, 0.0, 0.0, 0.0, 0.0, 0.0, 0.0, 0.0, 0.2235294133424759, 0.9921568632125854, 0.9960784316062927, 0.45098039507865906, 0.0, 0.0, 0.0, 0.10196078568696976, 0.6431372761726379, 0.9686274528503418, 0.9960784316062927, 0.9921568632125854, 0.6431372761726379, 0.0235294122248888, 0.0, 0.0, 0.0, 0.0, 0.0, 0.0, 0.0, 0.0, 0.0, 0.0, 0.0, 0.0, 0.0, 0.0, 0.05098039284348488, 0.8666666746139526, 0.9960784316062927, 0.6941176652908325, 0.29019609093666077, 0.2235294133424759, 0.5529412031173706, 0.9098039269447327, 0.9921568632125854, 0.9921568632125854, 0.9960784316062927, 0.9921568632125854, 0.18039216101169586, 0.0, 0.0, 0.0, 0.0, 0.0, 0.0, 0.0, 0.0, 0.0, 0.0, 0.0, 0.0, 0.0, 0.0, 0.0, 0.0, 0.7215686440467834, 0.9960784316062927, 0.9921568632125854, 0.9921568632125854, 0.9921568632125854, 0.9960784316062927, 0.9921568632125854, 0.6941176652908325, 0.8941176533699036, 0.9960784316062927, 0.9254902005195618, 0.11372549086809158, 0.0, 0.0, 0.0, 0.0, 0.0, 0.0, 0.0, 0.0, 0.0, 0.0, 0.0, 0.0, 0.0, 0.0, 0.0, 0.0, 0.0, 0.5921568870544434, 0.7215686440467834, 0.7215686440467834, 0.7215686440467834, 0.6274510025978088, 0.2980392277240753, 0.05882352963089943, 0.8980392217636108, 0.9960784316062927, 0.5803921818733215, 0.0, 0.0, 0.0, 0.0, 0.0, 0.0, 0.0, 0.0, 0.0, 0.0, 0.0, 0.0, 0.0, 0.0, 0.0, 0.0, 0.0, 0.0, 0.0, 0.0, 0.0, 0.0, 0.0, 0.0, 0.0941176488995552, 0.9921568632125854, 0.9960784316062927, 0.12156862765550613, 0.0, 0.0, 0.0, 0.0, 0.0, 0.0, 0.0, 0.0, 0.0, 0.0, 0.0, 0.0, 0.0, 0.0, 0.0, 0.0, 0.0, 0.0, 0.0, 0.0, 0.0, 0.0, 0.0, 0.0, 0.38823530077934265, 0.9921568632125854, 0.9960784316062927, 0.09019608050584793, 0.0, 0.0, 0.0, 0.0, 0.0, 0.0, 0.0, 0.0, 0.0, 0.0, 0.0, 0.0, 0.0, 0.0, 0.0, 0.0, 0.0, 0.0, 0.0, 0.0, 0.0, 0.0, 0.0, 0.0, 0.5843137502670288, 0.9921568632125854, 0.7960784435272217, 0.0235294122248888, 0.0, 0.0, 0.0, 0.0, 0.0, 0.0, 0.0, 0.0, 0.0, 0.0, 0.0, 0.0, 0.0, 0.0, 0.0, 0.0, 0.0, 0.0, 0.0, 0.0, 0.0, 0.0, 0.0, 0.0, 0.8156862854957581, 0.9960784316062927, 0.7254902124404907, 0.0, 0.0, 0.10196078568696976, 0.20000000298023224, 0.0, 0.0, 0.0, 0.0, 0.0, 0.0, 0.0, 0.0, 0.0, 0.0, 0.0, 0.0, 0.0, 0.0, 0.0, 0.0, 0.0, 0.0, 0.0, 0.0, 0.0, 0.8117647171020508, 0.9921568632125854, 0.9725490212440491, 0.24705882370471954, 0.3490196168422699, 0.8392156958580017, 0.9725490212440491, 0.08235294371843338, 0.0, 0.0, 0.0, 0.0, 0.0, 0.0, 0.0, 0.0, 0.0, 0.0, 0.0, 0.0, 0.0, 0.0, 0.0, 0.0, 0.0, 0.0, 0.0, 0.0, 0.615686297416687, 0.9921568632125854, 0.9960784316062927, 0.9921568632125854, 0.9921568632125854, 0.9254902005195618, 0.572549045085907, 0.01568627543747425, 0.0, 0.0, 0.0, 0.0, 0.0, 0.0, 0.0, 0.0, 0.0, 0.0, 0.0, 0.0, 0.0, 0.0, 0.0, 0.0, 0.0, 0.0, 0.0, 0.0, 0.05882352963089943, 0.8941176533699036, 0.9960784316062927, 0.9921568632125854, 0.529411792755127, 0.07450980693101883, 0.0, 0.0, 0.0, 0.0, 0.0, 0.0, 0.0, 0.0, 0.0, 0.0, 0.0, 0.0, 0.0, 0.0, 0.0, 0.0, 0.0, 0.0, 0.0, 0.0, 0.0, 0.0, 0.0, 0.0, 0.0, 0.0, 0.0, 0.0, 0.0, 0.0, 0.0, 0.0, 0.0, 0.0, 0.0, 0.0, 0.0, 0.0, 0.0, 0.0, 0.0, 0.0, 0.0, 0.0, 0.0, 0.0, 0.0, 0.0, 0.0, 0.0, 0.0, 0.0, 0.0, 0.0, 0.0, 0.0, 0.0, 0.0, 0.0, 0.0, 0.0, 0.0, 0.0, 0.0, 0.0, 0.0, 0.0, 0.0, 0.0, 0.0, 0.0, 0.0, 0.0, 0.0, 0.0, 0.0, 0.0, 0.0, 0.0, 0.0, 0.0, 0.0, 0.0, 0.0, 0.0, 0.0, 0.0, 0.0, 0.0, 0.0, 0.0, 0.0, -49.74837112426758, -123.66455078125, -44.915592193603516, -50.4881591796875, -14.533683776855469, -29.293405532836914, -35.44049835205078, -56.79956817626953]","[-8.123723030090332, -7.2784295082092285, -6.89032506942749, -8.495189666748047, 2.2655680179595947, -5.564992427825928, -10.224003791809082, -2.3750174045562744, -5.567980766296387, 2.0655081272125244]",,2026-05-02T07:34:03.110991+00:00
dist_shift_2023,mnist_concat.onnx,index2251_delta0.13.vnnlib,UNSAT,66.8,50.2,15.1,300,1.0000,3.1600,0.0010,0.9960,3.1125e-30,False,30,,,,2026-05-02T07:35:18.224855+00:00
dist_shift_2023,mnist_concat.onnx,index1921_delta0.13.vnnlib,UNSAT,64.1,51.1,11.5,300,1.0000,4.4600,0.0010,0.9960,3.1125e-30,False,30,,,,2026-05-02T07:36:31.166115+00:00
dist_shift_2023,mnist_concat.onnx,index1285_delta0.13.vnnlib,SAT,1.2,0.0,0.0,300,,,,,,,,"[0.0, 0.0, 0.0, 0.0, 0.0, 0.0, 0.0, 0.0, 0.0, 0.0, 0.0, 0.0, 0.0, 0.0, 0.0, 0.0, 0.0, 0.0, 0.0, 0.0, 0.0, 0.0, 0.0, 0.0, 0.0, 0.0, 0.0, 0.0, 0.0, 0.0, 0.0, 0.0, 0.0, 0.0, 0.0, 0.0, 0.0, 0.0, 0.0, 0.0, 0.0, 0.0, 0.0, 0.0, 0.0, 0.0, 0.0, 0.0, 0.0, 0.0, 0.0, 0.0, 0.0, 0.0, 0.0, 0.0, 0.0, 0.0, 0.0, 0.0, 0.0, 0.0, 0.0, 0.0, 0.0, 0.0, 0.0, 0.0, 0.0, 0.0, 0.0, 0.0, 0.0, 0.0, 0.0, 0.0, 0.0, 0.0, 0.0, 0.0, 0.0, 0.0, 0.0, 0.0, 0.0, 0.0, 0.0, 0.0, 0.0, 0.0, 0.0, 0.0, 0.0, 0.0, 0.0, 0.0, 0.0, 0.0, 0.0, 0.0, 0.0, 0.0, 0.0, 0.0, 0.0, 0.0, 0.0, 0.0, 0.0, 0.0, 0.0, 0.0, 0.0, 0.0, 0.0, 0.0, 0.0, 0.0, 0.0, 0.0, 0.0, 0.0, 0.0, 0.0, 0.0, 0.0, 0.0, 0.0, 0.0, 0.0, 0.0, 0.0, 0.0, 0.0, 0.0, 0.0, 0.0, 0.0, 0.0, 0.0, 0.0, 0.0, 0.0, 0.0, 0.0, 0.0, 0.0, 0.0, 0.0, 0.0, 0.0, 0.0, 0.0, 0.0, 0.03921568766236305, 0.3803921639919281, 0.6196078658103943, 0.0, 0.0, 0.0, 0.0, 0.054901961237192154, 0.26274511218070984, 0.6117647290229797, 0.5529412031173706, 0.054901961237192154, 0.0, 0.0, 0.0, 0.0, 0.0, 0.0, 0.0, 0.0, 0.0, 0.0, 0.0, 0.0, 0.0, 0.0, 0.0, 0.0, 0.5058823823928833, 0.9921568632125854, 0.5568627715110779, 0.0, 0.054901961237192154, 0.13725490868091583, 0.6039215922355652, 0.8784313797950745, 0.9921568632125854, 0.9921568632125854, 0.9490196108818054, 0.21176470816135406, 0.0, 0.0, 0.0, 0.0, 0.0, 0.0, 0.0, 0.0, 0.0, 0.0, 0.0, 0.0, 0.0, 0.0, 0.0, 0.21568627655506134, 0.9686274528503418, 0.9921568632125854, 0.0, 0.29019609093666077, 0.8980392217636108, 0.9921568632125854, 0.9921568632125854, 0.9215686321258545, 0.6549019813537598, 0.30588236451148987, 0.1411764770746231, 0.0, 0.0, 0.0, 0.0, 0.0, 0.0, 0.0, 0.0, 0.0, 0.0, 0.0, 0.0, 0.0, 0.0, 0.0, 0.10196078568696976, 0.8235294222831726, 0.9921568632125854, 0.545098066329956, 0.6235294342041016, 0.9803921580314636, 0.9921568632125854, 0.6431372761726379, 0.4588235318660736, 0.05882352963089943, 0.0, 0.0, 0.0, 0.0, 0.0, 0.0, 0.0, 0.0, 0.0, 0.0, 0.0, 0.0, 0.0, 0.0, 0.0, 0.0, 0.0, 0.0, 0.4627451002597809, 0.9921568632125854, 0.9921568632125854, 0.9921568632125854, 0.9960784316062927, 0.8117647171020508, 0.4941176474094391, 0.019607843831181526, 0.0, 0.0, 0.0, 0.0, 0.0, 0.0, 0.0, 0.0, 0.0, 0.0, 0.0, 0.0, 0.0, 0.0, 0.0, 0.0, 0.0, 0.0, 0.0, 0.23137255012989044, 0.9372549057006836, 0.8039215803146362, 0.23529411852359772, 0.6784313917160034, 0.529411792755127, 0.05882352963089943, 0.0, 0.0, 0.0, 0.0, 0.0, 0.0, 0.0, 0.0, 0.0, 0.0, 0.0, 0.0, 0.0, 0.0, 0.0, 0.0, 0.0, 0.0, 0.0, 0.0, 0.0, 0.7882353067398071, 0.9921568632125854, 0.7058823704719543, 0.007843137718737125, 0.0, 0.0, 0.0, 0.0, 0.0, 0.0, 0.0, 0.0, 0.0, 0.0, 0.0, 0.0, 0.0, 0.0, 0.0, 0.0, 0.0, 0.0, 0.0, 0.0, 0.0, 0.0, 0.0, 0.38823530077934265, 0.9960784316062927, 0.9921568632125854, 0.9921568632125854, 0.6509804129600525, 0.1882352977991104, 0.0, 0.0, 0.0, 0.0, 0.0, 0.0, 0.0, 0.0, 0.0, 0.0, 0.0, 0.0, 0.0, 0.0, 0.0, 0.0, 0.0, 0.0, 0.0, 0.0, 0.0, 0.08627451211214066, 0.886274516582489, 0.9960784316062927, 0.9803921580314636, 0.886274516582489, 0.9921568632125854, 0.9607843160629272, 0.2666666805744171, 0.0, 0.0, 0.0, 0.0, 0.0, 0.0, 0.0, 0.0, 0.0, 0.0, 0.0, 0.0, 0.0, 0.0, 0.0, 0.0, 0.0, 0.0, 0.0, 0.12156862765550613, 0.772549033164978, 0.9921568632125854, 0.9058823585510254, 0.4156862795352936, 0.07058823853731155, 0.4941176474094391, 0.9921568632125854, 0.8549019694328308, 0.05882352963089943, 0.0, 0.0, 0.0, 0.0, 0.0, 0.0, 0.0, 0.0, 0.0, 0.0, 0.0, 0.0, 0.0, 0.0, 0.0, 0.0, 0.0, 0.05098039284348488, 0.8784313797950745, 0.9960784316062927, 0.9058823585510254, 0.14901961386203766, 0.0, 0.0, 0.062745101749897, 0.8549019694328308, 1.0, 0.239215686917305, 0.0, 0.0, 0.0, 0.0, 0.0, 0.0, 0.0, 0.0, 0.0, 0.0, 0.0, 0.0, 0.0, 0.0, 0.0, 0.0, 0.0, 0.04313725605607033, 0.7960784435272217, 0.8549019694328308, 0.18039216101169586, 0.0, 0.0, 0.0, 0.0, 0.2666666805744171, 0.9960784316062927, 0.7098039388656616, 0.0, 0.0, 0.0, 0.0, 0.0, 0.0, 0.0, 0.0, 0.0, 0.0, 0.0, 0.0, 0.0, 0.0, 0.0, 0.0, 0.0, 0.0, 0.0, 0.0, 0.0, 0.0, 0.0, 0.0, 0.0, 0.0, 0.9960784316062927, 0.9686274528503418, 0.21176470816135406, 0.0, 0.0, 0.0, 0.0, 0.0, 0.0, 0.0, 0.0, 0.0, 0.0, 0.0, 0.0, 0.0, 0.0, 0.0, 0.0, 0.0, 0.0, 0.0, 0.0, 0.0, 0.0, 0.0, 0.0, 0.0, 0.9960784316062927, 0.9607843160629272, 0.1882352977991104, 0.0, 0.0, 0.0, 0.0, 0.0, 0.0, 0.0, 0.0, 0.0, 0.0, 0.0, 0.0, 0.0, 0.0, 0.0, 0.0, 0.0, 0.0, 0.0, 0.0, 0.0, 0.0, 0.0, 0.0, 0.0, 0.9960784316062927, 0.9921568632125854, 0.30588236451148987, 0.0, 0.0, 0.0, 0.0, 0.0, 0.0, 0.0, 0.0, 0.0, 0.0, 0.0, 0.0, 0.0, 0.0, 0.0, 0.0, 0.0, 0.0, 0.0, 0.0, 0.0, 0.0, 0.0, 0.0, 0.32549020648002625, 1.0, 0.8274509906768799, 0.0, 0.0, 0.0, 0.0, 0.0, 0.0, 0.0, 0.0, 0.0, 0.0, 0.0, 0.0, 0.0, 0.0, 0.0, 0.0, 0.19607843458652496, 0.6274510025978088, 0.0, 0.0, 0.0, 0.0, 0.0, 0.14509804546833038, 0.6666666865348816, 0.95686274766922, 0.8588235378265381, 0.1411764770746231, 0.0, 0.0, 0.0, 0.0, 0.0, 0.0, 0.0, 0.0, 0.0, 0.0, 0.0, 0.0, 0.0, 0.0, 0.0, 0.0, 0.23137255012989044, 0.9372549057006836, 0.21568627655506134, 0.05098039284348488, 0.30980393290519714, 0.30980393290519714, 0.33725491166114807, 0.7803921699523926, 0.9921568632125854, 0.9921568632125854, 0.11764705926179886, 0.0, 0.0, 0.0, 0.0, 0.0, 0.0, 0.0, 0.0, 0.0, 0.0, 0.0, 0.0, 0.0, 0.0, 0.0, 0.0, 0.0, 0.23137255012989044, 0.9921568632125854, 0.9686274528503418, 0.929411768913269, 0.9921568632125854, 0.9960784316062927, 0.9921568632125854, 0.9921568632125854, 0.6431372761726379, 0.16078431904315948, 0.0, 0.0, 0.0, 0.0, 0.0, 0.0, 0.0, 0.0, 0.0, 0.0, 0.0, 0.0, 0.0, 0.0, 0.0, 0.0, 0.0, 0.0, 0.054901961237192154, 0.25882354378700256, 0.6078431606292725, 0.9607843160629272, 0.6941176652908325, 0.6078431606292725, 0.2862745225429535, 0.22745098173618317, 0.019607843831181526, 0.0, 0.0, 0.0, 0.0, 0.0, 0.0, 0.0, 0.0, 0.0, 0.0, 0.0, 0.0, 0.0, 0.0, 0.0, 0.0, 0.0, 0.0, 0.0, 0.0, 0.0, 0.0, 0.0, 0.0, 0.0, 0.0, 0.0, 0.0, 0.0, 0.0, 0.0, 0.0, 0.0, 0.0, 0.0, 0.0, 0.0, 0.0, 0.0, 0.0, 0.0, 0.0, 0.0, 0.0, 0.0, 0.0, 0.0, 0.0, 0.0, 0.0, 0.0, 0.0, 0.0, 0.0, 0.0, 0.0, 0.0, 0.0, 0.0, 0.0, 0.0, 0.0, 0.0, 0.0, 0.0, 0.0, 0.0, 0.0, 0.0, 0.0, 0.0, 0.0, 0.0, 0.0, 0.0, 0.0, 0.0, 0.0, 0.0, 0.0, 0.0, 0.0, 0.0, 0.0, 0.0, 0.0, 0.0, 0.0, 0.0, 0.0, 0.0, 0.0, 0.0, 0.0, 0.0, 0.0, 0.0, -22.753021240234375, -62.061866760253906, -48.85232162475586, -18.595050811767578, -31.182239532470703, -38.994049072265625, -25.520465850830078, -50.48287582397461]","[-6.338193416595459, -5.807807445526123, -23.77581787109375, -0.2681884765625, -14.03346061706543, 2.2035465240478516, -7.546414375305176, -5.077513694763184, -3.48117995262146, 2.3172006607055664]",,2026-05-02T07:36:40.345363+00:00
dist_shift_2023,mnist_concat.onnx,index9211_delta0.13.vnnlib,SAT,0.3,0.0,0.0,300,,,,,,,,"[0.0, 0.0, 0.0, 0.0, 0.0, 0.0, 0.0, 0.0, 0.0, 0.0, 0.0, 0.0, 0.0, 0.0, 0.0, 0.0, 0.0, 0.0, 0.0, 0.0, 0.0, 0.0, 0.0, 0.0, 0.0, 0.0, 0.0, 0.0, 0.0, 0.0, 0.0, 0.0, 0.0, 0.0, 0.0, 0.0, 0.0, 0.0, 0.0, 0.0, 0.0, 0.0, 0.0, 0.0, 0.0, 0.0, 0.0, 0.0, 0.0, 0.0, 0.0, 0.0, 0.0, 0.0, 0.0, 0.0, 0.0, 0.0, 0.0, 0.0, 0.0, 0.0, 0.0, 0.0, 0.0, 0.0, 0.0, 0.0, 0.0, 0.0, 0.0, 0.0, 0.0, 0.0, 0.0, 0.0, 0.0, 0.0, 0.0, 0.0, 0.0, 0.0, 0.0, 0.0, 0.0, 0.0, 0.0, 0.0, 0.0, 0.0, 0.0, 0.0, 0.0, 0.0, 0.0, 0.0, 0.0, 0.0, 0.0, 0.0, 0.0, 0.0, 0.0, 0.0, 0.0, 0.0, 0.0, 0.0, 0.0, 0.0, 0.0, 0.0, 0.0, 0.0, 0.0, 0.0, 0.0, 0.0, 0.0, 0.0, 0.0, 0.0, 0.0, 0.0, 0.0, 0.0, 0.0, 0.0, 0.0, 0.0, 0.0, 0.0, 0.0, 0.0, 0.0, 0.0, 0.0, 0.0, 0.0, 0.0, 0.0, 0.0, 0.0, 0.0, 0.0, 0.0, 0.0, 0.0, 0.0, 0.0, 0.0, 0.0, 0.0, 0.0, 0.0, 0.0, 0.0, 0.0, 0.0, 0.0, 0.0, 0.0, 0.0, 0.0, 0.0, 0.0, 0.0, 0.0, 0.0, 0.0, 0.0, 0.0, 0.0, 0.0, 0.0, 0.0, 0.0, 0.0, 0.0, 0.0, 0.0, 0.0, 0.4470588266849518, 0.5568627715110779, 0.0, 0.0, 0.0, 0.3137255012989044, 1.0, 0.2705882489681244, 0.0, 0.0, 0.0, 0.0, 0.0, 0.0, 0.0, 0.0, 0.0, 0.0, 0.0, 0.0, 0.0, 0.0, 0.0, 0.0, 0.0, 0.0, 0.0, 0.29019609093666077, 0.9921568632125854, 0.9921568632125854, 0.18431372940540314, 0.0, 0.1725490242242813, 0.9058823585510254, 0.9725490212440491, 0.1882352977991104, 0.0, 0.0, 0.0, 0.0, 0.0, 0.0, 0.0, 0.0, 0.0, 0.0, 0.0, 0.0, 0.0, 0.0, 0.0, 0.0, 0.0, 0.0, 0.22745098173618317, 0.9333333373069763, 0.9960784316062927, 0.686274528503418, 0.07058823853731155, 0.0784313753247261, 0.7882353067398071, 0.9960784316062927, 0.8274509906768799, 0.0, 0.0, 0.0, 0.0, 0.0, 0.0, 0.0, 0.0, 0.0, 0.0, 0.0, 0.0, 0.0, 0.0, 0.0, 0.0, 0.0, 0.0, 0.13725490868091583, 0.9333333373069763, 0.9960784316062927, 0.8901960849761963, 0.08235294371843338, 0.0, 0.3294117748737335, 0.9960784316062927, 0.9725490212440491, 0.3176470696926117, 0.0, 0.0, 0.0, 0.0, 0.0, 0.0, 0.0, 0.0, 0.0, 0.0, 0.0, 0.0, 0.0, 0.0, 0.0, 0.0, 0.0, 0.062745101749897, 0.7607843279838562, 0.9960784316062927, 0.9490196108818054, 0.2705882489681244, 0.0, 0.08235294371843338, 0.8901960849761963, 0.9960784316062927, 0.8235294222831726, 0.0, 0.0, 0.0, 0.0, 0.0, 0.0, 0.0, 0.0, 0.0, 0.0, 0.0, 0.0, 0.0, 0.0, 0.0, 0.0, 0.0, 0.0, 0.6274510025978088, 0.9960784316062927, 0.9960784316062927, 0.41960784792900085, 0.0, 0.03921568766236305, 0.5686274766921997, 0.9960784316062927, 0.9372549057006836, 0.24313725531101227, 0.0, 0.0, 0.0, 0.0, 0.0, 0.0, 0.0, 0.0, 0.0, 0.0, 0.0, 0.0, 0.0, 0.0, 0.0, 0.0, 0.0, 0.23137255012989044, 0.9882352948188782, 0.9960784316062927, 0.6196078658103943, 0.01568627543747425, 0.0, 0.23137255012989044, 0.9960784316062927, 0.9960784316062927, 0.6274510025978088, 0.0, 0.0, 0.0, 0.0, 0.0, 0.0, 0.0, 0.0, 0.0, 0.0, 0.0, 0.0, 0.0, 0.0, 0.0, 0.0, 0.0, 0.05882352963089943, 0.7490196228027344, 0.9960784316062927, 0.9960784316062927, 0.7490196228027344, 0.5411764979362488, 0.5411764979362488, 0.7647058963775635, 0.9960784316062927, 0.9137254953384399, 0.07058823853731155, 0.0, 0.0, 0.0, 0.0, 0.0, 0.0, 0.0, 0.0, 0.0, 0.0, 0.0, 0.0, 0.0, 0.0, 0.0, 0.0, 0.0, 0.27450981736183167, 0.9960784316062927, 0.9960784316062927, 0.9960784316062927, 0.9960784316062927, 0.9960784316062927, 0.9960784316062927, 0.9960784316062927, 0.9960784316062927, 0.9960784316062927, 0.5098039507865906, 0.0, 0.0, 0.0, 0.0, 0.0, 0.0, 0.0, 0.0, 0.0, 0.0, 0.0, 0.0, 0.0, 0.0, 0.0, 0.0, 0.0, 0.13333334028720856, 0.6000000238418579, 0.5686274766921997, 0.8235294222831726, 0.5960784554481506, 0.9137254953384399, 0.9960784316062927, 0.9960784316062927, 0.8117647171020508, 0.5254902243614197, 0.3490196168422699, 0.0, 0.0, 0.0, 0.0, 0.0, 0.0, 0.0, 0.0, 0.0, 0.0, 0.0, 0.0, 0.0, 0.0, 0.0, 0.0, 0.0, 0.0, 0.0, 0.0, 0.0, 0.10196078568696976, 0.8705882430076599, 0.9960784316062927, 0.8156862854957581, 0.0313725508749485, 0.0, 0.0, 0.0, 0.0, 0.0, 0.0, 0.0, 0.0, 0.0, 0.0, 0.0, 0.0, 0.0, 0.0, 0.0, 0.0, 0.0, 0.0, 0.0, 0.0, 0.0, 0.0, 0.0, 0.4117647111415863, 0.9960784316062927, 0.9137254953384399, 0.15294118225574493, 0.0, 0.0, 0.0, 0.0, 0.0, 0.0, 0.0, 0.0, 0.0, 0.0, 0.0, 0.0, 0.0, 0.0, 0.0, 0.0, 0.0, 0.0, 0.0, 0.0, 0.0, 0.0, 0.0, 0.21960784494876862, 0.9725490212440491, 0.9725490212440491, 0.3843137323856354, 0.0, 0.0, 0.0, 0.0, 0.0, 0.0, 0.0, 0.0, 0.0, 0.0, 0.0, 0.0, 0.0, 0.0, 0.0, 0.0, 0.0, 0.0, 0.0, 0.0, 0.0, 0.0, 0.0, 0.10588235408067703, 0.7490196228027344, 0.9960784316062927, 0.772549033164978, 0.0, 0.0, 0.0, 0.0, 0.0, 0.0, 0.0, 0.0, 0.0, 0.0, 0.0, 0.0, 0.0, 0.0, 0.0, 0.0, 0.0, 0.0, 0.0, 0.0, 0.0, 0.0, 0.0, 0.0, 0.4117647111415863, 0.9960784316062927, 0.9098039269447327, 0.1568627506494522, 0.0, 0.0, 0.0, 0.0, 0.0, 0.0, 0.0, 0.0, 0.0, 0.0, 0.0, 0.0, 0.0, 0.0, 0.0, 0.0, 0.0, 0.0, 0.0, 0.0, 0.0, 0.0, 0.0, 0.1921568661928177, 0.9725490212440491, 0.9960784316062927, 0.5137255191802979, 0.0, 0.0, 0.0, 0.0, 0.0, 0.0, 0.0, 0.0, 0.0, 0.0, 0.0, 0.0, 0.0, 0.0, 0.0, 0.0, 0.0, 0.0, 0.0, 0.0, 0.0, 0.0, 0.0, 0.0, 0.5176470875740051, 0.9960784316062927, 0.8156862854957581, 0.0313725508749485, 0.0, 0.0, 0.0, 0.0, 0.0, 0.0, 0.0, 0.0, 0.0, 0.0, 0.0, 0.0, 0.0, 0.0, 0.0, 0.0, 0.0, 0.0, 0.0, 0.0, 0.0, 0.0, 0.0, 0.19607843458652496, 0.9764705896377563, 0.9882352948188782, 0.30980393290519714, 0.0, 0.0, 0.0, 0.0, 0.0, 0.0, 0.0, 0.0, 0.0, 0.0, 0.0, 0.0, 0.0, 0.0, 0.0, 0.0, 0.0, 0.0, 0.0, 0.0, 0.0, 0.0, 0.0, 0.0, 0.27450981736183167, 0.9960784316062927, 0.6352941393852234, 0.0, 0.0, 0.0, 0.0, 0.0, 0.0, 0.0, 0.0, 0.0, 0.0, 0.0, 0.0, 0.0, 0.0, 0.0, 0.0, 0.0, 0.0, 0.0, 0.0, 0.0, 0.0, 0.0, 0.0, 0.0, 0.27450981736183167, 0.9098039269447327, 0.16470588743686676, 0.0, 0.0, 0.0, 0.0, 0.0, 0.0, 0.0, 0.0, 0.0, 0.0, 0.0, 0.0, 0.0, 0.0, 0.0, 0.0, 0.0, 0.0, 0.0, 0.0, 0.0, 0.0, 0.0, 0.0, 0.0, 0.0, 0.0, 0.0, 0.0, 0.0, 0.0, 0.0, 0.0, 0.0, 0.0, 0.0, 0.0, 0.0, 0.0, 0.0, 0.0, 0.0, 0.0, 0.0, 0.0, 0.0, 0.0, 0.0, 0.0, 0.0, 0.0, 0.0, 0.0, 0.0, 0.0, 0.0, 0.0, 0.0, 0.0, 0.0, 0.0, 0.0, 0.0, 0.0, 0.0, 0.0, 0.0, 0.0, 0.0, 0.0, 0.0, 0.0, 0.0, -38.2848014831543, -75.36664581298828, -56.107398986816406, -30.51436996459961, -24.818878173828125, -46.490867614746094, -38.526206970214844, -44.431236267089844]","[-11.813594818115234, -10.263412475585938, -11.166807174682617, -12.10547924041748, 3.956956386566162, -7.665790557861328, -15.232872009277344, -4.493688583374023, -8.108680725097656, 3.9677672386169434]",,2026-05-02T07:36:47.885142+00:00
dist_shift_2023,mnist_concat.onnx,index1159_delta0.13.vnnlib,UNSAT,64.6,51.5,11.4,300,0.9995,4.6422,0.0010,0.9960,3.1125e-30,False,30,,,,2026-05-02T07:38:00.599760+00:00
dist_shift_2023,mnist_concat.onnx,index4901_delta0.13.vnnlib,UNSAT,62.6,50.4,11.1,300,1.0000,4.5135,0.0010,0.9960,3.1125e-30,False,30,,,,2026-05-02T07:39:12.024301+00:00
dist_shift_2023,mnist_concat.onnx,index1662_delta0.13.vnnlib,UNSAT,62.6,50.4,11.0,300,0.9995,4.8487,0.0010,0.9960,3.1125e-30,False,30,,,,2026-05-02T07:40:23.420424+00:00
dist_shift_2023,mnist_concat.onnx,index7606_delta0.13.vnnlib,UNSAT,64.2,51.7,11.1,300,0.9995,3.8099,0.0010,0.9960,3.1125e-30,False,30,,,,2026-05-02T07:41:36.666911+00:00
dist_shift_2023,mnist_concat.onnx,index1537_delta0.13.vnnlib,UNSAT,66.8,50.7,15.1,300,0.9990,5.1463,0.0010,0.9960,3.1125e-30,False,30,,,,2026-05-02T07:42:52.295370+00:00
dist_shift_2023,mnist_concat.onnx,index3863_delta0.13.vnnlib,UNSAT,67.6,50.8,15.2,300,1.0000,4.3570,0.0010,0.9960,3.1125e-30,False,30,,,,2026-05-02T07:44:08.700926+00:00
dist_shift_2023,mnist_concat.onnx,index6792_delta0.13.vnnlib,UNSAT,63.1,50.6,11.1,300,1.0000,4.5940,0.0010,0.9960,3.1125e-30,False,30,,,,2026-05-02T07:45:20.862287+00:00
dist_shift_2023,mnist_concat.onnx,index2481_delta0.13.vnnlib,UNSAT,62.5,49.6,11.5,300,1.0000,5.3978,0.0010,0.9960,3.1125e-30,False,30,,,,2026-05-02T07:46:32.160532+00:00
dist_shift_2023,mnist_concat.onnx,index9027_delta0.13.vnnlib,UNSAT,62.3,49.6,11.3,300,1.0000,4.1223,0.0010,0.9960,3.1125e-30,False,30,,,,2026-05-02T07:47:43.283123+00:00
dist_shift_2023,mnist_concat.onnx,index6136_delta0.13.vnnlib,UNSAT,66.9,50.7,15.3,300,1.0000,5.3021,0.0010,0.9960,3.1125e-30,False,30,,,,2026-05-02T07:48:59.196846+00:00
dist_shift_2023,mnist_concat.onnx,index4799_delta0.13.vnnlib,UNSAT,61.9,49.6,11.2,300,0.9995,3.9245,0.0010,0.9960,3.1125e-30,False,30,,,,2026-05-02T07:50:09.269828+00:00
dist_shift_2023,mnist_concat.onnx,index3444_delta0.13.vnnlib,UNSAT,63.3,51.2,11.1,300,1.0000,5.2908,0.0010,0.9960,3.1125e-30,False,30,,,,2026-05-02T07:51:21.411873+00:00
dist_shift_2023,mnist_concat.onnx,index5328_delta0.13.vnnlib,UNSAT,64.3,51.0,11.8,300,0.9990,3.9948,0.0010,0.9960,3.1125e-30,False,30,,,,2026-05-02T07:52:34.605458+00:00
dist_shift_2023,mnist_concat.onnx,index1031_delta0.13.vnnlib,UNSAT,67.3,50.7,15.0,300,0.9990,4.8258,0.0010,0.9960,3.1125e-30,False,30,,,,2026-05-02T07:53:50.911673+00:00
dist_shift_2023,mnist_concat.onnx,index3401_delta0.13.vnnlib,UNSAT,66.5,50.1,15.3,300,1.0000,4.1541,0.0010,0.9960,3.1125e-30,False,30,,,,2026-05-02T07:55:06.348117+00:00
dist_shift_2023,mnist_concat.onnx,index9101_delta0.13.vnnlib,UNSAT,69.0,56.8,11.3,300,1.0000,4.5246,0.0010,0.9960,3.1125e-30,False,30,,,,2026-05-02T07:56:24.323139+00:00
dist_shift_2023,mnist_concat.onnx,index7109_delta0.13.vnnlib,UNSAT,63.4,50.8,11.6,300,1.0000,5.8358,0.0010,0.9960,3.1125e-30,False,30,,,,2026-05-02T07:57:36.639551+00:00
dist_shift_2023,mnist_concat.onnx,index4312_delta0.13.vnnlib,SAT,0.3,0.0,0.0,300,,,,,,,,"[0.0, 0.0, 0.0, 0.0, 0.0, 0.0, 0.0, 0.0, 0.0, 0.0, 0.0, 0.0, 0.0, 0.0, 0.0, 0.0, 0.0, 0.0, 0.0, 0.0, 0.0, 0.0, 0.0, 0.0, 0.0, 0.0, 0.0, 0.0, 0.0, 0.0, 0.0, 0.0, 0.0, 0.0, 0.0, 0.0, 0.0, 0.0, 0.0, 0.0, 0.0, 0.0, 0.0, 0.0, 0.0, 0.0, 0.0, 0.0, 0.0, 0.0, 0.0, 0.0, 0.0, 0.0, 0.0, 0.0, 0.0, 0.0, 0.0, 0.0, 0.0, 0.0, 0.0, 0.0, 0.0, 0.0, 0.0, 0.0, 0.0, 0.0, 0.0, 0.0, 0.0, 0.0, 0.0, 0.0, 0.0, 0.0, 0.0, 0.0, 0.0, 0.0, 0.0, 0.0, 0.0, 0.0, 0.0, 0.0, 0.0, 0.0, 0.0, 0.0, 0.0, 0.0, 0.0, 0.0, 0.0, 0.0, 0.0, 0.0, 0.0, 0.0, 0.0, 0.0, 0.0, 0.0, 0.0, 0.0, 0.0, 0.0, 0.0, 0.0, 0.0, 0.0, 0.0, 0.0, 0.0, 0.0, 0.0, 0.0, 0.0, 0.0, 0.0, 0.0, 0.0, 0.0, 0.0, 0.0, 0.0, 0.0, 0.0, 0.0, 0.0, 0.0, 0.0, 0.0, 0.0, 0.0, 0.0, 0.0, 0.0, 0.0, 0.0, 0.0, 0.0, 0.0, 0.0, 0.0, 0.0, 0.0, 0.0, 0.0, 0.0, 0.0, 0.0, 0.0, 0.0, 0.0, 0.0, 0.0, 0.0, 0.0, 0.0, 0.0, 0.0, 0.0, 0.0, 0.0, 0.0, 0.0, 0.0, 0.0, 0.0, 0.0, 0.0, 0.0, 0.0, 0.0, 0.0, 0.0, 0.0, 0.0, 0.0, 0.0, 0.0, 0.0, 0.0, 0.0, 0.0, 0.0, 0.11764705926179886, 0.18431372940540314, 0.21568627655506134, 0.47843137383461, 0.0, 0.0, 0.0, 0.0, 0.0, 0.0, 0.0, 0.0, 0.0, 0.0, 0.0, 0.0, 0.0, 0.0, 0.0, 0.0, 0.027450980618596077, 0.7490196228027344, 0.8117647171020508, 0.29019609093666077, 0.0941176488995552, 0.42352941632270813, 0.615686297416687, 0.8117647171020508, 0.929411768913269, 0.9411764740943909, 0.5686274766921997, 0.11372549086809158, 0.0, 0.0, 0.0, 0.0, 0.0, 0.0, 0.0, 0.0, 0.0, 0.0, 0.0, 0.0, 0.0, 0.0, 0.0, 0.0, 0.6666666865348816, 0.9921568632125854, 0.9921568632125854, 0.9921568632125854, 0.9960784316062927, 0.9921568632125854, 0.9921568632125854, 0.8588235378265381, 0.2705882489681244, 0.12156862765550613, 0.0, 0.0, 0.0, 0.0, 0.0, 0.0, 0.0, 0.0, 0.0, 0.0, 0.0, 0.0, 0.0, 0.0, 0.0, 0.0, 0.027450980618596077, 0.6666666865348816, 1.0, 0.9960784316062927, 0.772549033164978, 0.5921568870544434, 0.13333334028720856, 0.0, 0.13333334028720856, 0.0, 0.0, 0.0, 0.0, 0.0, 0.0, 0.0, 0.0, 0.0, 0.0, 0.0, 0.0, 0.0, 0.0, 0.0, 0.0, 0.0, 0.0, 0.0, 0.29019609093666077, 0.9921568632125854, 0.9960784316062927, 0.5607843399047852, 0.01568627543747425, 0.0, 0.0, 0.0, 0.0, 0.0, 0.0, 0.0, 0.0, 0.0, 0.0, 0.0, 0.0, 0.0, 0.0, 0.0, 0.0, 0.0, 0.0, 0.0, 0.0, 0.0, 0.0, 0.08627451211214066, 0.8313725590705872, 0.9921568632125854, 0.8392156958580017, 0.05098039284348488, 0.0, 0.0, 0.0, 0.0, 0.0, 0.0, 0.0, 0.0, 0.0, 0.0, 0.0, 0.0, 0.0, 0.0, 0.0, 0.0, 0.0, 0.0, 0.0, 0.0, 0.0, 0.0, 0.0, 0.18431372940540314, 0.9921568632125854, 0.9921568632125854, 0.09803921729326248, 0.0, 0.0, 0.0, 0.0, 0.0, 0.0, 0.0, 0.0, 0.0, 0.0, 0.0, 0.0, 0.0, 0.0, 0.0, 0.0, 0.0, 0.0, 0.0, 0.0, 0.0, 0.0, 0.0, 0.0, 0.18431372940540314, 0.9960784316062927, 0.9960784316062927, 0.0, 0.0, 0.0, 0.0, 0.0, 0.0, 0.0, 0.0, 0.0, 0.0, 0.0, 0.0, 0.0, 0.0, 0.0, 0.0, 0.0, 0.0, 0.0, 0.0, 0.0, 0.0, 0.0, 0.0, 0.0, 0.14901961386203766, 0.95686274766922, 0.9921568632125854, 0.06666667014360428, 0.0, 0.0, 0.0, 0.0, 0.0, 0.0, 0.0, 0.0, 0.0, 0.0, 0.0, 0.0, 0.0, 0.0, 0.0, 0.0, 0.0, 0.0, 0.0, 0.0, 0.0, 0.0, 0.0, 0.0, 0.0, 0.615686297416687, 0.9921568632125854, 0.7803921699523926, 0.04313725605607033, 0.0, 0.0, 0.0, 0.0, 0.0, 0.0, 0.0, 0.0, 0.0, 0.0, 0.0, 0.0, 0.0, 0.0, 0.0, 0.0, 0.0, 0.0, 0.0, 0.0, 0.0, 0.0, 0.0, 0.0, 0.0941176488995552, 0.9921568632125854, 0.9960784316062927, 0.48627451062202454, 0.0, 0.0, 0.0, 0.0, 0.0, 0.0, 0.0, 0.0, 0.0, 0.0, 0.0, 0.0, 0.0, 0.0, 0.0, 0.0, 0.0, 0.0, 0.0, 0.0, 0.0, 0.0, 0.0, 0.0, 0.0, 0.364705890417099, 0.9960784316062927, 0.929411768913269, 0.11372549086809158, 0.0, 0.0, 0.0, 0.0, 0.0, 0.0, 0.0, 0.0, 0.0, 0.0, 0.0, 0.0, 0.0, 0.0, 0.0, 0.0, 0.0, 0.0, 0.0, 0.0, 0.0, 0.0, 0.0, 0.0, 0.364705890417099, 0.9960784316062927, 0.9921568632125854, 0.18039216101169586, 0.0, 0.0, 0.0, 0.0, 0.0, 0.0, 0.0, 0.0, 0.0, 0.0, 0.0, 0.0, 0.0, 0.0, 0.0, 0.0, 0.0, 0.0, 0.0, 0.0, 0.0, 0.0, 0.0, 0.0, 0.3960784375667572, 0.9960784316062927, 0.9921568632125854, 0.18039216101169586, 0.0, 0.0, 0.0, 0.0, 0.0, 0.0, 0.0, 0.0, 0.0, 0.0, 0.0, 0.0, 0.0, 0.0, 0.0, 0.0, 0.0, 0.0, 0.0, 0.0, 0.0, 0.0, 0.0, 0.06666667014360428, 0.9176470637321472, 0.9960784316062927, 0.7254902124404907, 0.05098039284348488, 0.0, 0.0, 0.0, 0.0, 0.0, 0.0, 0.0, 0.0, 0.0, 0.0, 0.0, 0.0, 0.0, 0.0, 0.0, 0.0, 0.0, 0.5921568870544434, 0.772549033164978, 0.47058823704719543, 0.27450981736183167, 0.27450981736183167, 0.34117648005485535, 0.929411768913269, 0.9960784316062927, 0.7254902124404907, 0.03529411926865578, 0.0, 0.0, 0.0, 0.0, 0.0, 0.0, 0.0, 0.0, 0.0, 0.0, 0.0, 0.0, 0.0, 0.0, 0.0, 0.0, 0.0, 0.0, 0.0, 0.27843138575553894, 0.6117647290229797, 0.8745098114013672, 0.9960784316062927, 0.9921568632125854, 0.843137264251709, 0.545098066329956, 0.03529411926865578, 0.0, 0.0, 0.0, 0.0, 0.0, 0.0, 0.0, 0.0, 0.0, 0.0, 0.0, 0.0, 0.0, 0.0, 0.0, 0.0, 0.0, 0.0, 0.0, 0.0, 0.0, 0.0, 0.06666667014360428, 0.18039216101169586, 0.18039216101169586, 0.03529411926865578, 0.0, 0.0, 0.0, 0.0, 0.0, 0.0, 0.0, 0.0, 0.0, 0.0, 0.0, 0.0, 0.0, 0.0, 0.0, 0.0, 0.0, 0.0, 0.0, 0.0, 0.0, 0.0, 0.0, 0.0, 0.0, 0.0, 0.0, 0.0, 0.0, 0.0, 0.0, 0.0, 0.0, 0.0, 0.0, 0.0, 0.0, 0.0, 0.0, 0.0, 0.0, 0.0, 0.0, 0.0, 0.0, 0.0, 0.0, 0.0, 0.0, 0.0, 0.0, 0.0, 0.0, 0.0, 0.0, 0.0, 0.0, 0.0, 0.0, 0.0, 0.0, 0.0, 0.0, 0.0, 0.0, 0.0, 0.0, 0.0, 0.0, 0.0, 0.0, 0.0, 0.0, 0.0, 0.0, 0.0, 0.0, 0.0, 0.0, 0.0, 0.0, 0.0, 0.0, 0.0, 0.0, 0.0, 0.0, 0.0, 0.0, 0.0, 0.0, 0.0, 0.0, 0.0, 0.0, 0.0, 0.0, 0.0, 0.0, 0.0, 0.0, 0.0, 0.0, 0.0, 0.0, 0.0, 0.0, 0.0, 0.0, 0.0, 0.0, 0.0, 0.0, 0.0, 0.0, 0.0, 0.0, 0.0, 0.0, 0.0, 0.0, 0.0, 0.0, 0.0, 0.0, 0.0, 0.0, -17.366775512695312, -41.064598083496094, -48.2064094543457, -20.064674377441406, -30.082218170166016, -34.595703125, -31.74696159362793, -25.066892623901367]","[-0.5952363610267639, -0.8845931887626648, -2.232621431350708, 0.6364591121673584, -2.7917964458465576, 0.5151945948600769, -0.4778170883655548, -0.49493783712387085, -0.31307753920555115, -0.10506942868232727]",,2026-05-02T07:57:44.871935+00:00
dist_shift_2023,mnist_concat.onnx,index9203_delta0.13.vnnlib,UNSAT,62.2,49.5,11.3,300,1.0000,4.5005,0.0010,0.9960,3.1125e-30,False,30,,,,2026-05-02T07:58:55.400959+00:00
dist_shift_2023,mnist_concat.onnx,index1929_delta0.13.vnnlib,UNSAT,64.7,52.0,11.5,300,1.0000,5.9171,0.0010,0.9960,3.1125e-30,False,30,,,,2026-05-02T08:00:08.541200+00:00
dist_shift_2023,mnist_concat.onnx,index6217_delta0.13.vnnlib,UNSAT,62.8,50.1,11.2,300,1.0000,4.9026,0.0010,0.9960,3.1125e-30,False,30,,,,2026-05-02T08:01:20.272695+00:00
dist_shift_2023,mnist_concat.onnx,index4272_delta0.13.vnnlib,SAT,0.3,0.0,0.0,300,,,,,,,,"[0.0, 0.0, 0.0, 0.0, 0.0, 0.0, 0.0, 0.0, 0.0, 0.0, 0.0, 0.0, 0.0, 0.0, 0.0, 0.0, 0.0, 0.0, 0.0, 0.0, 0.0, 0.0, 0.0, 0.0, 0.0, 0.0, 0.0, 0.0, 0.0, 0.0, 0.0, 0.0, 0.0, 0.0, 0.0, 0.0, 0.0, 0.0, 0.0, 0.0, 0.0, 0.0, 0.0, 0.0, 0.0, 0.0, 0.0, 0.0, 0.0, 0.0, 0.0, 0.0, 0.0, 0.0, 0.0, 0.0, 0.0, 0.0, 0.0, 0.0, 0.0, 0.0, 0.0, 0.0, 0.0, 0.0, 0.0, 0.0, 0.0, 0.0, 0.0, 0.0, 0.0, 0.0, 0.0, 0.0, 0.0, 0.0, 0.0, 0.0, 0.0, 0.0, 0.0, 0.0, 0.0, 0.0, 0.0, 0.0, 0.0, 0.0, 0.0, 0.0, 0.0, 0.0, 0.0, 0.0, 0.0, 0.0, 0.0, 0.0, 0.0, 0.0, 0.0, 0.0, 0.0, 0.0, 0.0, 0.0, 0.0, 0.0, 0.0, 0.0, 0.0, 0.0, 0.0, 0.0, 0.0, 0.0, 0.0, 0.0, 0.0, 0.0, 0.0, 0.0, 0.0, 0.0, 0.0, 0.0, 0.0, 0.0, 0.0, 0.0, 0.0, 0.0, 0.0, 0.0, 0.0, 0.0, 0.0, 0.0, 0.0, 0.0, 0.0, 0.0, 0.0, 0.0, 0.0, 0.0, 0.0, 0.0, 0.0, 0.0, 0.0, 0.0, 0.0, 0.0, 0.0, 0.0, 0.0, 0.0, 0.0, 0.0, 0.0, 0.0, 0.0, 0.0, 0.0, 0.0, 0.0, 0.0, 0.0, 0.0, 0.0, 0.0, 0.0, 0.0, 0.0, 0.0, 0.0, 0.0, 0.0, 0.0, 0.0, 0.0, 0.0, 0.0, 0.0, 0.0, 0.0, 0.0, 0.0, 0.0, 0.0, 0.0, 0.0, 0.0, 0.0, 0.0, 0.0, 0.0, 0.0, 0.0, 0.0, 0.0, 0.0, 0.0, 0.0, 0.0, 0.0, 0.0, 0.0, 0.0, 0.0, 0.0, 0.0, 0.0, 0.0, 0.0, 0.0, 0.0, 0.0, 0.0, 0.0, 0.0, 0.0, 0.0, 0.0, 0.0, 0.0, 0.0, 0.0, 0.0, 0.0, 0.07058823853731155, 0.4156862795352936, 0.572549045085907, 0.7803921699523926, 1.0, 0.843137264251709, 0.3450980484485626, 0.0, 0.0, 0.0, 0.0, 0.0, 0.0, 0.0, 0.0, 0.0, 0.0, 0.0, 0.0, 0.0, 0.0, 0.0, 0.0, 0.0, 0.0, 0.0, 0.0, 0.09803921729326248, 0.6235294342041016, 0.9921568632125854, 0.9921568632125854, 0.9921568632125854, 0.9921568632125854, 0.9921568632125854, 0.9686274528503418, 0.37254902720451355, 0.0, 0.0, 0.0, 0.0, 0.0, 0.0, 0.0, 0.0, 0.0, 0.0, 0.0, 0.0, 0.0, 0.0, 0.0, 0.0, 0.0, 0.0, 0.003921568859368563, 0.6941176652908325, 0.9921568632125854, 0.9921568632125854, 0.9921568632125854, 0.9921568632125854, 0.9921568632125854, 0.9921568632125854, 0.9921568632125854, 0.8666666746139526, 0.6078431606292725, 0.22745098173618317, 0.0, 0.0, 0.0, 0.0, 0.0, 0.0, 0.0, 0.0, 0.0, 0.0, 0.0, 0.0, 0.0, 0.0, 0.0, 0.0, 0.1725490242242813, 0.9921568632125854, 0.9921568632125854, 0.9921568632125854, 0.9372549057006836, 0.8235294222831726, 0.8235294222831726, 0.8235294222831726, 0.9098039269447327, 0.9921568632125854, 0.9921568632125854, 0.7333333492279053, 0.054901961237192154, 0.0, 0.0, 0.0, 0.0, 0.0, 0.0, 0.0, 0.0, 0.0, 0.0, 0.0, 0.0, 0.0, 0.0, 0.0, 0.1725490242242813, 0.9921568632125854, 0.9921568632125854, 0.8509804010391235, 0.16862745583057404, 0.0, 0.0, 0.0, 0.19607843458652496, 0.9921568632125854, 0.9921568632125854, 0.9921568632125854, 0.6313725709915161, 0.0, 0.0, 0.0, 0.0, 0.0, 0.0, 0.0, 0.0, 0.0, 0.0, 0.0, 0.0, 0.0, 0.0, 0.0, 0.019607843831181526, 0.7686274647712708, 0.9921568632125854, 0.4431372582912445, 0.0, 0.03921568766236305, 0.04313725605607033, 0.3803921639919281, 0.6941176652908325, 0.9921568632125854, 0.9921568632125854, 0.9921568632125854, 0.7372549176216125, 0.0, 0.0, 0.0, 0.0, 0.0, 0.0, 0.0, 0.0, 0.0, 0.0, 0.0, 0.0, 0.0, 0.0, 0.0, 0.0, 0.6627451181411743, 0.9921568632125854, 0.9215686321258545, 0.615686297416687, 0.9647058844566345, 0.9921568632125854, 0.9921568632125854, 0.9921568632125854, 0.9921568632125854, 0.9921568632125854, 0.9921568632125854, 0.7372549176216125, 0.0, 0.0, 0.0, 0.0, 0.0, 0.0, 0.0, 0.0, 0.0, 0.0, 0.0, 0.0, 0.0, 0.0, 0.0, 0.0, 0.21176470816135406, 0.9607843160629272, 0.9921568632125854, 0.9921568632125854, 0.9921568632125854, 0.9921568632125854, 0.9921568632125854, 0.9647058844566345, 0.7333333492279053, 0.9921568632125854, 0.95686274766922, 0.4901960790157318, 0.0, 0.0, 0.0, 0.0, 0.0, 0.0, 0.0, 0.0, 0.0, 0.0, 0.0, 0.0, 0.0, 0.0, 0.0, 0.0, 0.0, 0.4745098054409027, 0.9411764740943909, 0.9921568632125854, 0.9411764740943909, 0.8627451062202454, 0.3529411852359772, 0.07450980693101883, 0.019607843831181526, 0.8235294222831726, 0.9411764740943909, 0.18431372940540314, 0.0, 0.0, 0.0, 0.0, 0.0, 0.0, 0.0, 0.0, 0.0, 0.0, 0.0, 0.0, 0.0, 0.0, 0.0, 0.0, 0.0, 0.0, 0.07058823853731155, 0.3607843220233917, 0.054901961237192154, 0.12941177189350128, 0.0, 0.0, 0.0, 0.8078431487083435, 0.9921568632125854, 0.47058823704719543, 0.0, 0.0, 0.0, 0.0, 0.0, 0.0, 0.0, 0.0, 0.0, 0.0, 0.0, 0.0, 0.0, 0.0, 0.0, 0.0, 0.0, 0.0, 0.0, 0.0, 0.0, 0.0, 0.0, 0.0, 0.1882352977991104, 0.9529411792755127, 0.9921568632125854, 0.3176470696926117, 0.0, 0.0, 0.0, 0.0, 0.0, 0.0, 0.0, 0.0, 0.0, 0.0, 0.0, 0.0, 0.0, 0.0, 0.0, 0.0, 0.0, 0.0, 0.0, 0.0, 0.0, 0.0, 0.0, 0.0, 0.23529411852359772, 0.9921568632125854, 0.9843137264251709, 0.29019609093666077, 0.0, 0.0, 0.0, 0.0, 0.0, 0.0, 0.0, 0.0, 0.0, 0.0, 0.0, 0.0, 0.0, 0.0, 0.0, 0.0, 0.0, 0.0, 0.0, 0.0, 0.0, 0.0, 0.0, 0.0, 0.23529411852359772, 0.9921568632125854, 0.7882353067398071, 0.0, 0.0, 0.0, 0.0, 0.0, 0.0, 0.0, 0.0, 0.0, 0.0, 0.0, 0.0, 0.0, 0.0, 0.0, 0.0, 0.0, 0.0, 0.0, 0.0, 0.0, 0.0, 0.0, 0.0, 0.0, 0.23529411852359772, 0.9921568632125854, 0.46666666865348816, 0.0, 0.0, 0.0, 0.0, 0.0, 0.0, 0.0, 0.0, 0.0, 0.0, 0.0, 0.0, 0.0, 0.0, 0.0, 0.0, 0.0, 0.0, 0.0, 0.0, 0.0, 0.0, 0.0, 0.0, 0.0, 0.23529411852359772, 0.9921568632125854, 0.6431372761726379, 0.0, 0.0, 0.0, 0.0, 0.0, 0.0, 0.0, 0.0, 0.0, 0.0, 0.0, 0.0, 0.0, 0.0, 0.0, 0.0, 0.0, 0.0, 0.0, 0.0, 0.0, 0.0, 0.0, 0.0, 0.0, 0.07450980693101883, 0.8666666746139526, 0.46666666865348816, 0.0, 0.0, 0.0, 0.0, 0.0, 0.0, 0.0, 0.0, 0.0, 0.0, 0.0, 0.0, 0.0, 0.0, 0.0, 0.0, 0.0, 0.0, 0.0, 0.0, 0.0, 0.0, 0.0, 0.0, 0.0, 0.0, 0.8078431487083435, 0.6352941393852234, 0.0, 0.0, 0.0, 0.0, 0.0, 0.0, 0.0, 0.0, 0.0, 0.0, 0.0, 0.0, 0.0, 0.0, 0.0, 0.0, 0.0, 0.0, 0.0, 0.0, 0.0, 0.0, 0.0, 0.0, 0.0, 0.0, 0.8078431487083435, 0.9764705896377563, 0.2705882489681244, 0.0, 0.0, 0.0, 0.0, 0.0, 0.0, 0.0, 0.0, 0.0, 0.0, 0.0, 0.0, 0.0, 0.0, 0.0, 0.0, 0.0, 0.0, 0.0, 0.0, 0.0, 0.0, 0.0, 0.0, 0.0, 0.6901960968971252, 0.7058823704719543, 0.0, 0.0, 0.0, 0.0, 0.0, 0.0, 0.0, 0.0, 0.0, 0.0, 0.0, 0.0, 0.0, 0.0, 0.0, 0.0, 0.0, 0.0, 0.0, 0.0, 0.0, 0.0, 0.0, 0.0, 0.0, 0.0, 0.05882352963089943, 0.8549019694328308, 0.0, 0.0, 0.0, 0.0, 0.0, 0.0, 0.0, 0.0, 0.0, -37.87394714355469, -80.70449829101562, -59.29090881347656, -47.856014251708984, 3.141632556915283, -34.79801940917969, -28.808670043945312, -49.429500579833984]","[-12.739947319030762, -10.964303970336914, -11.243103981018066, -13.085962295532227, 3.841156482696533, -8.434694290161133, -16.64004135131836, -3.7705790996551514, -8.618349075317383, 3.7605786323547363]",,2026-05-02T08:01:28.493892+00:00
dist_shift_2023,mnist_concat.onnx,index316_delta0.13.vnnlib,UNSAT,61.6,49.5,11.1,300,1.0000,4.5214,0.0010,0.9960,3.1125e-30,False,30,,,,2026-05-02T08:02:38.289710+00:00
dist_shift_2023,mnist_concat.onnx,index2750_delta0.13.vnnlib,UNKNOWN,56.8,53.2,2.1,300,1.0000,5.2812,0.0010,0.9960,4.1540e-08,True,6,,,,2026-05-02T08:03:43.841739+00:00
dist_shift_2023,mnist_concat.onnx,index7336_delta0.13.vnnlib,UNSAT,64.9,52.2,11.1,300,1.0000,4.9079,0.0010,0.9960,3.1125e-30,False,30,,,,2026-05-02T08:04:57.671356+00:00
dist_shift_2023,mnist_concat.onnx,index1453_delta0.13.vnnlib,UNSAT,63.1,50.0,11.4,300,1.0000,5.4121,0.0010,0.9960,3.1125e-30,False,30,,,,2026-05-02T08:06:10.267421+00:00
dist_shift_2023,mnist_concat.onnx,index112_delta0.13.vnnlib,UNSAT,67.2,50.7,15.0,300,1.0000,4.7575,0.0010,0.9960,3.1125e-30,False,30,,,,2026-05-02T08:07:26.242899+00:00
dist_shift_2023,mnist_concat.onnx,index6936_delta0.13.vnnlib,UNSAT,63.1,50.2,11.4,300,1.0000,6.0880,0.0010,0.9960,3.1125e-30,False,30,,,,2026-05-02T08:08:38.596446+00:00
dist_shift_2023,mnist_concat.onnx,index6574_delta0.13.vnnlib,UNSAT,66.3,49.6,15.3,300,1.0000,5.8833,0.0010,0.9960,3.1125e-30,False,30,,,,2026-05-02T08:09:53.843430+00:00
dist_shift_2023,mnist_concat.onnx,index7281_delta0.13.vnnlib,UNSAT,68.2,55.7,11.1,300,1.0000,4.2013,0.0010,0.9960,3.1125e-30,False,30,,,,2026-05-02T08:11:11.014973+00:00
dist_shift_2023,mnist_concat.onnx,index6551_delta0.13.vnnlib,UNSAT,67.1,54.8,11.3,300,1.0000,4.4644,0.0010,0.9960,3.1125e-30,False,30,,,,2026-05-02T08:12:26.880060+00:00
dist_shift_2023,mnist_concat.onnx,index6412_delta0.13.vnnlib,UNSAT,62.9,50.2,11.1,300,1.0000,5.7827,0.0010,0.9960,3.1125e-30,False,30,,,,2026-05-02T08:13:38.528332+00:00
dist_shift_2023,mnist_concat.onnx,index3552_delta0.13.vnnlib,UNSAT,62.5,49.6,11.5,300,1.0000,4.4438,0.0010,0.9960,3.1125e-30,False,30,,,,2026-05-02T08:14:49.897555+00:00
dist_shift_2023,mnist_concat.onnx,index3805_delta0.13.vnnlib,UNSAT,63.5,50.7,11.1,300,1.0000,5.4932,0.0010,0.9960,3.1125e-30,False,30,,,,2026-05-02T08:16:02.078112+00:00
dist_shift_2023,mnist_concat.onnx,index668_delta0.13.vnnlib,UNSAT,62.0,49.6,11.3,300,1.0000,4.6527,0.0010,0.9960,3.1125e-30,False,30,,,,2026-05-02T08:17:12.877870+00:00
dist_shift_2023,mnist_concat.onnx,index7175_delta0.13.vnnlib,UNSAT,63.0,51.0,11.1,300,1.0000,4.2456,0.0010,0.9960,3.1125e-30,False,30,,,,2026-05-02T08:18:24.529167+00:00
dist_shift_2023,mnist_concat.onnx,index4286_delta0.13.vnnlib,UNSAT,66.8,50.6,15.2,300,1.0000,5.8854,0.0010,0.9960,3.1125e-30,False,30,,,,2026-05-02T08:19:40.181960+00:00
dist_shift_2023,mnist_concat.onnx,index5385_delta0.13.vnnlib,UNSAT,67.7,50.8,15.5,300,1.0000,5.2392,0.0010,0.9960,3.1125e-30,False,30,,,,2026-05-02T08:20:56.786638+00:00
dist_shift_2023,mnist_concat.onnx,index5391_delta0.13.vnnlib,UNSAT,62.1,50.1,11.1,300,1.0000,5.6490,0.0010,0.9960,3.1125e-30,False,30,,,,2026-05-02T08:22:05.896885+00:00
dist_shift_2023,mnist_concat.onnx,index6354_delta0.13.vnnlib,UNSAT,63.7,50.9,11.5,300,1.0000,4.7027,0.0010,0.9960,3.1125e-30,False,30,,,,2026-05-02T08:23:18.459749+00:00
dist_shift_2023,mnist_concat.onnx,index5020_delta0.13.vnnlib,UNSAT,62.8,50.3,11.0,300,1.0000,4.1473,0.0010,0.9960,3.1125e-30,False,30,,,,2026-05-02T08:24:30.158219+00:00
dist_shift_2023,mnist_concat.onnx,index7106_delta0.13.vnnlib,UNSAT,62.5,49.6,11.4,300,1.0000,4.7845,0.0010,0.9960,3.1125e-30,False,30,,,,2026-05-02T08:25:41.663824+00:00
dist_shift_2023,mnist_concat.onnx,index4148_delta0.13.vnnlib,UNSAT,62.2,49.5,11.1,300,1.0000,3.6042,0.0010,0.9960,3.1125e-30,False,30,,,,2026-05-02T08:26:52.737766+00:00
dist_shift_2023,mnist_concat.onnx,index6199_delta0.13.vnnlib,UNSAT,62.1,49.5,11.2,300,0.9995,4.7855,0.0010,0.9960,3.1125e-30,False,30,,,,2026-05-02T08:28:03.645982+00:00
dist_shift_2023,mnist_concat.onnx,index7534_delta0.13.vnnlib,SAT,0.3,0.0,0.0,300,,,,,,,,"[0.0, 0.0, 0.0, 0.0, 0.0, 0.0, 0.0, 0.0, 0.0, 0.0, 0.0, 0.0, 0.0, 0.0, 0.0, 0.0, 0.0, 0.0, 0.0, 0.0, 0.0, 0.0, 0.0, 0.0, 0.0, 0.0, 0.0, 0.0, 0.0, 0.0, 0.0, 0.0, 0.0, 0.0, 0.0, 0.0, 0.0, 0.0, 0.0, 0.0, 0.0, 0.0, 0.0, 0.0, 0.0, 0.0, 0.0, 0.0, 0.0, 0.0, 0.0, 0.0, 0.0, 0.0, 0.0, 0.0, 0.0, 0.0, 0.0, 0.0, 0.0, 0.0, 0.0, 0.0, 0.0, 0.0, 0.0, 0.0, 0.0, 0.0, 0.0, 0.0, 0.0, 0.0, 0.0, 0.0, 0.0, 0.0, 0.0, 0.0, 0.0, 0.0, 0.0, 0.0, 0.0, 0.0, 0.0, 0.0, 0.0, 0.0, 0.0, 0.0, 0.0, 0.0, 0.0, 0.0, 0.0, 0.0, 0.0, 0.0, 0.0, 0.0, 0.0, 0.0, 0.0, 0.0, 0.0, 0.0, 0.0, 0.0, 0.0, 0.0, 0.0, 0.0, 0.0, 0.0, 0.0, 0.0, 0.0, 0.0, 0.0, 0.0, 0.0, 0.0, 0.0, 0.0, 0.0, 0.34117648005485535, 0.8313725590705872, 0.8705882430076599, 0.09803921729326248, 0.0, 0.0, 0.0, 0.0, 0.0, 0.0, 0.0, 0.0, 0.0, 0.0, 0.0, 0.0, 0.0, 0.0, 0.0, 0.0, 0.0, 0.0, 0.0, 0.0, 0.0, 0.0, 0.0, 0.5764706134796143, 0.9921568632125854, 0.9882352948188782, 0.9882352948188782, 0.6941176652908325, 0.6313725709915161, 0.5921568870544434, 0.06666667014360428, 0.0, 0.0, 0.0, 0.0, 0.0, 0.0, 0.0, 0.0, 0.0, 0.0, 0.0, 0.0, 0.0, 0.0, 0.0, 0.0, 0.0, 0.0, 0.07450980693101883, 0.6431372761726379, 0.9647058844566345, 0.9921568632125854, 0.9882352948188782, 0.9882352948188782, 0.9882352948188782, 0.9882352948188782, 0.9921568632125854, 0.7372549176216125, 0.07450980693101883, 0.0, 0.0, 0.0, 0.0, 0.0, 0.0, 0.0, 0.0, 0.0, 0.0, 0.0, 0.0, 0.0, 0.0, 0.0, 0.0, 0.06666667014360428, 0.7372549176216125, 0.9882352948188782, 0.9882352948188782, 0.9921568632125854, 0.9215686321258545, 0.6274510025978088, 0.25882354378700256, 0.545098066329956, 0.9921568632125854, 0.9882352948188782, 0.2705882489681244, 0.0, 0.0, 0.0, 0.0, 0.0, 0.0, 0.0, 0.0, 0.0, 0.0, 0.0, 0.0, 0.0, 0.0, 0.0, 0.04313725605607033, 0.7568627595901489, 0.9882352948188782, 0.9882352948188782, 0.9882352948188782, 0.7058823704719543, 0.07058823853731155, 0.0, 0.0, 0.45490196347236633, 0.9921568632125854, 0.9058823585510254, 0.14509804546833038, 0.0, 0.0, 0.0, 0.0, 0.0, 0.0, 0.0, 0.0, 0.0, 0.0, 0.0, 0.0, 0.0, 0.0, 0.04313725605607033, 0.7921568751335144, 0.9921568632125854, 0.9921568632125854, 0.9607843160629272, 0.4941176474094391, 0.0, 0.0, 0.0, 0.0, 0.49803921580314636, 1.0, 0.8117647171020508, 0.0, 0.0, 0.0, 0.0, 0.0, 0.0, 0.0, 0.0, 0.0, 0.0, 0.0, 0.0, 0.0, 0.0, 0.0, 0.5333333611488342, 0.9921568632125854, 0.9882352948188782, 0.9411764740943909, 0.30980393290519714, 0.0, 0.0, 0.0, 0.05098039284348488, 0.5490196347236633, 0.95686274766922, 0.9764705896377563, 0.4588235318660736, 0.0, 0.0, 0.0, 0.0, 0.0, 0.0, 0.0, 0.0, 0.0, 0.0, 0.0, 0.0, 0.0, 0.0, 0.10196078568696976, 0.9254902005195618, 0.9921568632125854, 0.9882352948188782, 0.3921568691730499, 0.0, 0.0, 0.27450981736183167, 0.35686275362968445, 0.7960784435272217, 0.9882352948188782, 0.9882352948188782, 0.9019607901573181, 0.0, 0.0, 0.0, 0.0, 0.0, 0.0, 0.0, 0.0, 0.0, 0.0, 0.0, 0.0, 0.0, 0.0, 0.0, 0.364705890417099, 0.9882352948188782, 0.9921568632125854, 0.9882352948188782, 0.7372549176216125, 0.364705890417099, 0.772549033164978, 0.9921568632125854, 0.9882352948188782, 0.9882352948188782, 0.9882352948188782, 0.9882352948188782, 0.9019607901573181, 0.0, 0.0, 0.0, 0.0, 0.0, 0.0, 0.0, 0.0, 0.0, 0.0, 0.0, 0.0, 0.0, 0.0, 0.0, 0.20000000298023224, 0.9490196108818054, 0.9921568632125854, 0.9882352948188782, 0.9882352948188782, 0.9882352948188782, 0.9882352948188782, 0.9921568632125854, 0.9882352948188782, 0.9882352948188782, 0.9882352948188782, 0.9882352948188782, 0.9450980424880981, 0.16470588743686676, 0.0, 0.0, 0.0, 0.0, 0.0, 0.0, 0.0, 0.0, 0.0, 0.0, 0.0, 0.0, 0.0, 0.0, 0.0, 0.0, 0.34117648005485535, 0.9921568632125854, 0.9921568632125854, 0.9921568632125854, 0.9921568632125854, 0.9490196108818054, 0.529411792755127, 0.0, 0.8156862854957581, 0.9921568632125854, 1.0, 0.40392157435417175, 0.0, 0.0, 0.0, 0.0, 0.0, 0.0, 0.0, 0.0, 0.0, 0.0, 0.0, 0.0, 0.0, 0.0, 0.0, 0.16862745583057404, 0.8313725590705872, 0.9882352948188782, 0.9882352948188782, 0.9882352948188782, 0.9058823585510254, 0.16470588743686676, 0.03529411926865578, 0.18431372940540314, 0.843137264251709, 0.9882352948188782, 0.9921568632125854, 0.5176470875740051, 0.0, 0.0, 0.0, 0.0, 0.0, 0.0, 0.0, 0.0, 0.0, 0.0, 0.0, 0.0, 0.0, 0.0, 0.2666666805744171, 0.9647058844566345, 0.9921568632125854, 0.9882352948188782, 0.9882352948188782, 0.8901960849761963, 0.1882352977991104, 0.14901961386203766, 0.40392157435417175, 0.7921568751335144, 0.8156862854957581, 0.9882352948188782, 0.9921568632125854, 0.3607843220233917, 0.0, 0.0, 0.0, 0.0, 0.0, 0.0, 0.0, 0.0, 0.0, 0.0, 0.0, 0.0, 0.0, 0.10196078568696976, 0.7960784435272217, 0.9882352948188782, 0.9921568632125854, 0.9882352948188782, 0.8901960849761963, 0.19607843458652496, 0.0, 0.7137255072593689, 0.34117648005485535, 0.05098039284348488, 0.7333333492279053, 0.9882352948188782, 0.9607843160629272, 0.22745098173618317, 0.0, 0.0, 0.0, 0.0, 0.0, 0.0, 0.0, 0.0, 0.0, 0.0, 0.0, 0.0, 0.0, 0.6823529601097107, 0.9882352948188782, 0.9882352948188782, 0.9529411792755127, 0.7411764860153198, 0.1882352977991104, 0.0, 0.0, 0.04313725605607033, 0.0, 0.0, 0.8117647171020508, 0.9882352948188782, 0.9019607901573181, 0.0, 0.0, 0.0, 0.0, 0.0, 0.0, 0.0, 0.0, 0.0, 0.0, 0.0, 0.0, 0.0, 0.0, 0.7254902124404907, 0.9921568632125854, 0.9921568632125854, 0.2078431397676468, 0.0, 0.0, 0.0, 0.0, 0.0117647061124444, 0.1764705926179886, 0.8705882430076599, 0.9921568632125854, 0.9529411792755127, 0.4156862795352936, 0.0, 0.0, 0.0, 0.0, 0.0, 0.0, 0.0, 0.0, 0.0, 0.0, 0.0, 0.0, 0.0, 0.0, 0.7215686440467834, 0.9882352948188782, 0.9882352948188782, 0.0, 0.0, 0.05098039284348488, 0.18431372940540314, 0.18431372940540314, 0.6666666865348816, 0.9882352948188782, 0.9882352948188782, 0.6745098233222961, 0.19607843458652496, 0.0, 0.0, 0.0, 0.0, 0.0, 0.0, 0.0, 0.0, 0.0, 0.0, 0.0, 0.0, 0.0, 0.0, 0.0, 0.7215686440467834, 0.9882352948188782, 0.9882352948188782, 0.7254902124404907, 0.7215686440467834, 0.7960784435272217, 0.9882352948188782, 0.9882352948188782, 0.9921568632125854, 0.9882352948188782, 0.9137254953384399, 0.12941177189350128, 0.0, 0.0, 0.0, 0.0, 0.0, 0.0, 0.0, 0.0, 0.0, 0.0, 0.0, 0.0, 0.0, 0.0, 0.0, 0.0, 0.2549019753932953, 0.9254902005195618, 0.9882352948188782, 0.9921568632125854, 0.9882352948188782, 0.9882352948188782, 0.9882352948188782, 0.9882352948188782, 0.7960784435272217, 0.545098066329956, 0.12941177189350128, 0.0, 0.0, 0.0, 0.0, 0.0, 0.0, 0.0, 0.0, 0.0, 0.0, 0.0, 0.0, 0.0, 0.0, 0.0, 0.0, 0.0, 0.0, 0.239215686917305, 0.9490196108818054, 0.9921568632125854, 0.9882352948188782, 0.8666666746139526, 0.3764705955982208, 0.08627451211214066, 0.04313725605607033, 0.0, 0.0, 0.0, 0.0, 0.0, 0.0, 0.0, 0.0, 0.0, 0.0, 0.0, 0.0, 0.0, 0.0, 0.0, 0.0, 0.0, 0.0, 0.0, 0.0, 0.0, 0.0, 0.0, 0.0, 0.0, 0.0, 0.0, 0.0, 0.0, 0.0, 0.0, 0.0, 0.0, 0.0, 0.0, 0.0, 0.0, 0.0, 0.0, 0.0, 0.0, 0.0, 0.0, 0.0, 0.0, 0.0, 0.0, 0.0, 0.0, 0.0, 0.0, 0.0, 0.0, 0.0, 0.0, 0.0, 0.0, 0.0, 0.0, 0.0, 0.0, 0.0, 0.0, 0.0, 0.0, 0.0, 0.0, 0.0, 0.0, 0.0, 0.0, 0.0, 0.0, 0.0, 0.0, 0.0, 0.0, 0.0, 0.0, 0.0, 0.0, 0.0, 0.0, 0.0, 0.0, 0.0, 0.0, 0.0, 0.0, 0.0, 0.0, 0.0, 0.0, 0.0, 0.0, 0.0, 0.0, 0.0, 0.0, 0.0, 0.0, 0.0, 0.0, 0.0, 0.0, 0.0, 0.0, 0.0, 0.0, 0.0, 0.0, 0.0, 0.0, 0.0, 0.0, 0.0, 0.0, 0.0, 0.0, 0.0, 0.0, 0.0, 0.0, 0.0, -24.389711380004883, -126.70401763916016, -47.74260330200195, -34.95212936401367, -44.11091613769531, -52.36057662963867, -18.03802490234375, -68.23578643798828]","[-0.2611140012741089, -2.1889536380767822, 0.014477670192718506, -0.2224528193473816, -2.0954363346099854, -0.3224806785583496, -1.1112639904022217, -1.004966139793396, 0.0095500648021698, -0.6090010404586792]",,2026-05-02T08:28:11.843956+00:00
dist_shift_2023,mnist_concat.onnx,index9021_delta0.13.vnnlib,UNSAT,61.7,49.6,11.3,300,0.9995,4.9849,0.0010,0.9960,3.1125e-30,False,30,,,,2026-05-02T08:29:21.771395+00:00
dist_shift_2023,mnist_concat.onnx,index6107_delta0.13.vnnlib,UNSAT,65.9,53.3,11.6,300,1.0000,4.1717,0.0010,0.9960,3.1125e-30,False,30,,,,2026-05-02T08:30:36.353014+00:00
