benchmark,instance,verdict,wall_s,timeout_s,sigma,n0,n_certify,alpha,pred_class,true_class,l2_radius,eps_linf_threshold_l2,error,timestamp
cifar100_2024,CIFAR100_resnet_medium.onnx+CIFAR100_resnet_medium_prop_idx_7641_sidx_1041_eps_0.0039.vnnlib,SAT,3.19,100,0.25,100,10000,0.001,70,92,0.5126556205886809,1.7388431636769903,,2026-05-03T21:38:36.718087+00:00
cifar100_2024,CIFAR100_resnet_medium.onnx+CIFAR100_resnet_medium_prop_idx_2132_sidx_6868_eps_0.0039.vnnlib,SAT,3.17,100,0.25,100,10000,0.001,81,12,0.1491485640580757,1.7388431636769903,,2026-05-03T21:38:44.477556+00:00
cifar100_2024,CIFAR100_resnet_medium.onnx+CIFAR100_resnet_medium_prop_idx_6232_sidx_3020_eps_0.0039.vnnlib,SAT,3.17,100,0.25,100,10000,0.001,8,27,0.4174206323035445,1.7388431636769903,,2026-05-03T21:38:52.245202+00:00
cifar100_2024,CIFAR100_resnet_medium.onnx+CIFAR100_resnet_medium_prop_idx_9694_sidx_2810_eps_0.0039.vnnlib,UNKNOWN,3.21,100,0.25,100,10000,0.001,85,85,0.41823429243741206,1.7388431636769903,,2026-05-03T21:39:00.157050+00:00
cifar100_2024,CIFAR100_resnet_medium.onnx+CIFAR100_resnet_medium_prop_idx_4760_sidx_4651_eps_0.0039.vnnlib,SAT,3.19,100,0.25,100,10000,0.001,37,31,0.13384025540291714,1.7388431636769903,,2026-05-03T21:39:08.108218+00:00
cifar100_2024,CIFAR100_resnet_medium.onnx+CIFAR100_resnet_medium_prop_idx_6135_sidx_4586_eps_0.0039.vnnlib,UNKNOWN,3.22,100,0.25,100,10000,0.001,18,18,0.7996443786845846,1.7388431636769903,,2026-05-03T21:39:15.928130+00:00
cifar100_2024,CIFAR100_resnet_medium.onnx+CIFAR100_resnet_medium_prop_idx_4921_sidx_3617_eps_0.0039.vnnlib,SAT,3.21,100,0.25,100,10000,0.001,26,34,0.08488173822791062,1.7388431636769903,,2026-05-03T21:39:23.799478+00:00
cifar100_2024,CIFAR100_resnet_medium.onnx+CIFAR100_resnet_medium_prop_idx_5242_sidx_1208_eps_0.0039.vnnlib,UNKNOWN,3.18,100,0.25,100,10000,0.001,33,33,0.7996443786845846,1.7388431636769903,,2026-05-03T21:39:31.757912+00:00
cifar100_2024,CIFAR100_resnet_medium.onnx+CIFAR100_resnet_medium_prop_idx_2176_sidx_3285_eps_0.0039.vnnlib,UNKNOWN,3.21,100,0.25,100,10000,0.001,70,70,0.7784908980456575,1.7388431636769903,,2026-05-03T21:39:39.674432+00:00
cifar100_2024,CIFAR100_resnet_medium.onnx+CIFAR100_resnet_medium_prop_idx_8762_sidx_3374_eps_0.0039.vnnlib,UNKNOWN,3.22,100,0.25,100,10000,0.001,63,63,0.06538491309186231,1.7388431636769903,,2026-05-03T21:39:47.498453+00:00
cifar100_2024,CIFAR100_resnet_medium.onnx+CIFAR100_resnet_medium_prop_idx_7704_sidx_3701_eps_0.0039.vnnlib,UNKNOWN,3.21,100,0.25,100,10000,0.001,-1,96,0.0,1.7388431636769903,,2026-05-03T21:39:55.354814+00:00
cifar100_2024,CIFAR100_resnet_medium.onnx+CIFAR100_resnet_medium_prop_idx_4752_sidx_1800_eps_0.0039.vnnlib,UNKNOWN,3.24,100,0.25,100,10000,0.001,73,73,0.06859010939558179,1.7388431636769903,,2026-05-03T21:40:03.224185+00:00
cifar100_2024,CIFAR100_resnet_medium.onnx+CIFAR100_resnet_medium_prop_idx_6415_sidx_4543_eps_0.0039.vnnlib,SAT,3.22,100,0.25,100,10000,0.001,88,5,0.3426337833904564,1.7388431636769903,,2026-05-03T21:40:11.186669+00:00
cifar100_2024,CIFAR100_resnet_medium.onnx+CIFAR100_resnet_medium_prop_idx_2477_sidx_388_eps_0.0039.vnnlib,SAT,3.21,100,0.25,100,10000,0.001,37,17,0.21639001485127585,1.7388431636769903,,2026-05-03T21:40:19.006334+00:00
cifar100_2024,CIFAR100_resnet_medium.onnx+CIFAR100_resnet_medium_prop_idx_6553_sidx_7265_eps_0.0039.vnnlib,UNKNOWN,3.20,100,0.25,100,10000,0.001,89,89,0.1976805038901386,1.7388431636769903,,2026-05-03T21:40:26.803951+00:00
cifar100_2024,CIFAR100_resnet_medium.onnx+CIFAR100_resnet_medium_prop_idx_8600_sidx_2721_eps_0.0039.vnnlib,UNKNOWN,3.21,100,0.25,100,10000,0.001,90,90,0.544318382090003,1.7388431636769903,,2026-05-03T21:40:34.652195+00:00
cifar100_2024,CIFAR100_resnet_medium.onnx+CIFAR100_resnet_medium_prop_idx_7258_sidx_3539_eps_0.0039.vnnlib,SAT,3.17,100,0.25,100,10000,0.001,45,20,0.2375655338208199,1.7388431636769903,,2026-05-03T21:40:42.419838+00:00
cifar100_2024,CIFAR100_resnet_medium.onnx+CIFAR100_resnet_medium_prop_idx_6659_sidx_4583_eps_0.0039.vnnlib,SAT,3.17,100,0.25,100,10000,0.001,49,60,0.373309103292388,1.7388431636769903,,2026-05-03T21:40:50.223907+00:00
cifar100_2024,CIFAR100_resnet_medium.onnx+CIFAR100_resnet_medium_prop_idx_885_sidx_7654_eps_0.0039.vnnlib,UNKNOWN,3.22,100,0.25,100,10000,0.001,44,44,0.025146871875178202,1.7388431636769903,,2026-05-03T21:40:58.087864+00:00
cifar100_2024,CIFAR100_resnet_medium.onnx+CIFAR100_resnet_medium_prop_idx_3006_sidx_928_eps_0.0039.vnnlib,SAT,1.34,100,0.25,100,10000,0.001,89,5,0.12678043762435356,1.7388431636769903,,2026-05-03T21:41:04.104961+00:00
cifar100_2024,CIFAR100_resnet_medium.onnx+CIFAR100_resnet_medium_prop_idx_1588_sidx_6654_eps_0.0039.vnnlib,UNKNOWN,3.20,100,0.25,100,10000,0.001,88,88,0.7996443786845846,1.7388431636769903,,2026-05-03T21:41:12.053774+00:00
cifar100_2024,CIFAR100_resnet_medium.onnx+CIFAR100_resnet_medium_prop_idx_8594_sidx_5815_eps_0.0039.vnnlib,UNKNOWN,3.21,100,0.25,100,10000,0.001,83,83,0.7996443786845846,1.7388431636769903,,2026-05-03T21:41:19.885561+00:00
cifar100_2024,CIFAR100_resnet_medium.onnx+CIFAR100_resnet_medium_prop_idx_9658_sidx_1660_eps_0.0039.vnnlib,UNKNOWN,3.17,100,0.25,100,10000,0.001,59,59,0.6563206654191157,1.7388431636769903,,2026-05-03T21:41:27.687905+00:00
cifar100_2024,CIFAR100_resnet_medium.onnx+CIFAR100_resnet_medium_prop_idx_8505_sidx_1690_eps_0.0039.vnnlib,SAT,3.18,100,0.25,100,10000,0.001,88,80,0.2476844485346155,1.7388431636769903,,2026-05-03T21:41:35.484355+00:00
cifar100_2024,CIFAR100_resnet_medium.onnx+CIFAR100_resnet_medium_prop_idx_8945_sidx_3584_eps_0.0039.vnnlib,SAT,3.21,100,0.25,100,10000,0.001,67,99,0.1534318970360674,1.7388431636769903,,2026-05-03T21:41:43.287347+00:00
cifar100_2024,CIFAR100_resnet_medium.onnx+CIFAR100_resnet_medium_prop_idx_6585_sidx_533_eps_0.0039.vnnlib,UNKNOWN,3.21,100,0.25,100,10000,0.001,88,88,0.30593310741949575,1.7388431636769903,,2026-05-03T21:41:51.228596+00:00
cifar100_2024,CIFAR100_resnet_medium.onnx+CIFAR100_resnet_medium_prop_idx_6573_sidx_5525_eps_0.0039.vnnlib,UNKNOWN,3.17,100,0.25,100,10000,0.001,-1,29,0.0,1.7388431636769903,,2026-05-03T21:41:59.100763+00:00
cifar100_2024,CIFAR100_resnet_medium.onnx+CIFAR100_resnet_medium_prop_idx_8619_sidx_4461_eps_0.0039.vnnlib,SAT,2.90,100,0.25,100,10000,0.001,82,9,0.06662631495095397,1.7388431636769903,,2026-05-03T21:42:06.804237+00:00
cifar100_2024,CIFAR100_resnet_medium.onnx+CIFAR100_resnet_medium_prop_idx_54_sidx_9735_eps_0.0039.vnnlib,SAT,3.17,100,0.25,100,10000,0.001,23,54,0.20102669062633347,1.7388431636769903,,2026-05-03T21:42:14.745096+00:00
cifar100_2024,CIFAR100_resnet_medium.onnx+CIFAR100_resnet_medium_prop_idx_4429_sidx_1471_eps_0.0039.vnnlib,UNKNOWN,3.20,100,0.25,100,10000,0.001,76,76,0.13384025540291714,1.7388431636769903,,2026-05-03T21:42:22.561956+00:00
cifar100_2024,CIFAR100_resnet_medium.onnx+CIFAR100_resnet_medium_prop_idx_1190_sidx_8846_eps_0.0039.vnnlib,SAT,3.18,100,0.25,100,10000,0.001,51,84,0.28364445621101253,1.7388431636769903,,2026-05-03T21:42:30.375100+00:00
cifar100_2024,CIFAR100_resnet_medium.onnx+CIFAR100_resnet_medium_prop_idx_7569_sidx_2906_eps_0.0039.vnnlib,SAT,3.21,100,0.25,100,10000,0.001,22,25,0.5911261582824705,1.7388431636769903,,2026-05-03T21:42:38.259896+00:00
cifar100_2024,CIFAR100_resnet_medium.onnx+CIFAR100_resnet_medium_prop_idx_9897_sidx_9124_eps_0.0039.vnnlib,UNKNOWN,3.22,100,0.25,100,10000,0.001,18,18,0.4781423736130248,1.7388431636769903,,2026-05-03T21:42:46.218254+00:00
cifar100_2024,CIFAR100_resnet_medium.onnx+CIFAR100_resnet_medium_prop_idx_5831_sidx_5506_eps_0.0039.vnnlib,SAT,3.19,100,0.25,100,10000,0.001,88,43,0.2040527699298769,1.7388431636769903,,2026-05-03T21:42:54.016311+00:00
cifar100_2024,CIFAR100_resnet_medium.onnx+CIFAR100_resnet_medium_prop_idx_4169_sidx_9758_eps_0.0039.vnnlib,SAT,3.26,100,0.25,100,10000,0.001,37,17,0.4902942484879909,1.7388431636769903,,2026-05-03T21:43:01.941502+00:00
cifar100_2024,CIFAR100_resnet_medium.onnx+CIFAR100_resnet_medium_prop_idx_8196_sidx_3864_eps_0.0039.vnnlib,SAT,3.19,100,0.25,100,10000,0.001,48,49,0.6874168892291687,1.7388431636769903,,2026-05-03T21:43:09.877513+00:00
cifar100_2024,CIFAR100_resnet_medium.onnx+CIFAR100_resnet_medium_prop_idx_6583_sidx_8860_eps_0.0039.vnnlib,UNKNOWN,3.18,100,0.25,100,10000,0.001,48,48,0.5306703775282439,1.7388431636769903,,2026-05-03T21:43:17.686509+00:00
cifar100_2024,CIFAR100_resnet_medium.onnx+CIFAR100_resnet_medium_prop_idx_8523_sidx_9936_eps_0.0039.vnnlib,UNKNOWN,3.21,100,0.25,100,10000,0.001,-1,85,0.0,1.7388431636769903,,2026-05-03T21:43:25.520439+00:00
cifar100_2024,CIFAR100_resnet_medium.onnx+CIFAR100_resnet_medium_prop_idx_3418_sidx_4225_eps_0.0039.vnnlib,UNKNOWN,3.22,100,0.25,100,10000,0.001,6,6,0.6489554440091028,1.7388431636769903,,2026-05-03T21:43:33.356942+00:00
cifar100_2024,CIFAR100_resnet_medium.onnx+CIFAR100_resnet_medium_prop_idx_7431_sidx_7329_eps_0.0039.vnnlib,SAT,3.20,100,0.25,100,10000,0.001,2,11,0.5936037367889884,1.7388431636769903,,2026-05-03T21:43:41.187150+00:00
cifar100_2024,CIFAR100_resnet_medium.onnx+CIFAR100_resnet_medium_prop_idx_6010_sidx_5369_eps_0.0039.vnnlib,UNKNOWN,3.21,100,0.25,100,10000,0.001,-1,0,0.0,1.7388431636769903,,2026-05-03T21:43:49.010940+00:00
cifar100_2024,CIFAR100_resnet_medium.onnx+CIFAR100_resnet_medium_prop_idx_5127_sidx_993_eps_0.0039.vnnlib,SAT,3.20,100,0.25,100,10000,0.001,51,46,0.616232829604616,1.7388431636769903,,2026-05-03T21:43:56.838409+00:00
cifar100_2024,CIFAR100_resnet_medium.onnx+CIFAR100_resnet_medium_prop_idx_6263_sidx_7644_eps_0.0039.vnnlib,UNKNOWN,2.22,100,0.25,100,10000,0.001,37,37,0.004702598142647186,1.7388431636769903,,2026-05-03T21:44:03.773610+00:00
cifar100_2024,CIFAR100_resnet_medium.onnx+CIFAR100_resnet_medium_prop_idx_5001_sidx_1154_eps_0.0039.vnnlib,SAT,3.21,100,0.25,100,10000,0.001,54,51,0.04286132083413702,1.7388431636769903,,2026-05-03T21:44:11.719916+00:00
cifar100_2024,CIFAR100_resnet_medium.onnx+CIFAR100_resnet_medium_prop_idx_4597_sidx_282_eps_0.0039.vnnlib,UNKNOWN,3.19,100,0.25,100,10000,0.001,30,30,0.5829286512932752,1.7388431636769903,,2026-05-03T21:44:19.535083+00:00
cifar100_2024,CIFAR100_resnet_medium.onnx+CIFAR100_resnet_medium_prop_idx_3184_sidx_9092_eps_0.0039.vnnlib,UNKNOWN,3.19,100,0.25,100,10000,0.001,74,74,0.010979059592108459,1.7388431636769903,,2026-05-03T21:44:27.342483+00:00
cifar100_2024,CIFAR100_resnet_medium.onnx+CIFAR100_resnet_medium_prop_idx_3343_sidx_1406_eps_0.0039.vnnlib,UNKNOWN,3.20,100,0.25,100,10000,0.001,14,14,0.7996443786845846,1.7388431636769903,,2026-05-03T21:44:35.316054+00:00
cifar100_2024,CIFAR100_resnet_medium.onnx+CIFAR100_resnet_medium_prop_idx_8330_sidx_7593_eps_0.0039.vnnlib,UNKNOWN,3.19,100,0.25,100,10000,0.001,-1,9,0.0,1.7388431636769903,,2026-05-03T21:44:43.137729+00:00
cifar100_2024,CIFAR100_resnet_medium.onnx+CIFAR100_resnet_medium_prop_idx_5634_sidx_9441_eps_0.0039.vnnlib,SAT,3.21,100,0.25,100,10000,0.001,33,4,0.2804559813420905,1.7388431636769903,,2026-05-03T21:44:50.939264+00:00
cifar100_2024,CIFAR100_resnet_medium.onnx+CIFAR100_resnet_medium_prop_idx_7478_sidx_6593_eps_0.0039.vnnlib,SAT,3.21,100,0.25,100,10000,0.001,78,4,0.28525682768436367,1.7388431636769903,,2026-05-03T21:44:58.770058+00:00
cifar100_2024,CIFAR100_resnet_medium.onnx+CIFAR100_resnet_medium_prop_idx_913_sidx_2404_eps_0.0039.vnnlib,SAT,2.77,100,0.25,100,10000,0.001,70,0,0.5599975538065698,1.7388431636769903,,2026-05-03T21:45:06.436295+00:00
cifar100_2024,CIFAR100_resnet_medium.onnx+CIFAR100_resnet_medium_prop_idx_1761_sidx_3933_eps_0.0039.vnnlib,UNKNOWN,3.21,100,0.25,100,10000,0.001,33,33,0.2351485513452026,1.7388431636769903,,2026-05-03T21:45:14.335054+00:00
cifar100_2024,CIFAR100_resnet_medium.onnx+CIFAR100_resnet_medium_prop_idx_1798_sidx_1061_eps_0.0039.vnnlib,SAT,3.20,100,0.25,100,10000,0.001,26,25,0.31597412302911787,1.7388431636769903,,2026-05-03T21:45:22.162690+00:00
cifar100_2024,CIFAR100_resnet_medium.onnx+CIFAR100_resnet_medium_prop_idx_8450_sidx_9332_eps_0.0039.vnnlib,SAT,3.19,100,0.25,100,10000,0.001,78,20,0.4022862762273694,1.7388431636769903,,2026-05-03T21:45:29.982438+00:00
cifar100_2024,CIFAR100_resnet_medium.onnx+CIFAR100_resnet_medium_prop_idx_1592_sidx_3741_eps_0.0039.vnnlib,SAT,3.19,100,0.25,100,10000,0.001,45,79,0.6801126721928175,1.7388431636769903,,2026-05-03T21:45:37.761470+00:00
cifar100_2024,CIFAR100_resnet_medium.onnx+CIFAR100_resnet_medium_prop_idx_230_sidx_1968_eps_0.0039.vnnlib,UNKNOWN,3.17,100,0.25,100,10000,0.001,-1,27,0.0,1.7388431636769903,,2026-05-03T21:45:45.577205+00:00
cifar100_2024,CIFAR100_resnet_medium.onnx+CIFAR100_resnet_medium_prop_idx_5791_sidx_5659_eps_0.0039.vnnlib,UNKNOWN,3.21,100,0.25,100,10000,0.001,33,33,0.7996443786845846,1.7388431636769903,,2026-05-03T21:45:53.413704+00:00
cifar100_2024,CIFAR100_resnet_medium.onnx+CIFAR100_resnet_medium_prop_idx_4475_sidx_752_eps_0.0039.vnnlib,SAT,3.24,100,0.25,100,10000,0.001,33,71,0.11911441118735579,1.7388431636769903,,2026-05-03T21:46:01.294466+00:00
cifar100_2024,CIFAR100_resnet_medium.onnx+CIFAR100_resnet_medium_prop_idx_3247_sidx_1605_eps_0.0039.vnnlib,UNKNOWN,3.21,100,0.25,100,10000,0.001,7,7,0.251295119150019,1.7388431636769903,,2026-05-03T21:46:09.153432+00:00
cifar100_2024,CIFAR100_resnet_medium.onnx+CIFAR100_resnet_medium_prop_idx_2557_sidx_6196_eps_0.0039.vnnlib,UNKNOWN,3.22,100,0.25,100,10000,0.001,93,93,0.4325383308395139,1.7388431636769903,,2026-05-03T21:46:17.006502+00:00
cifar100_2024,CIFAR100_resnet_medium.onnx+CIFAR100_resnet_medium_prop_idx_4191_sidx_3301_eps_0.0039.vnnlib,UNKNOWN,3.21,100,0.25,100,10000,0.001,89,89,0.7996443786845846,1.7388431636769903,,2026-05-03T21:46:24.811299+00:00
cifar100_2024,CIFAR100_resnet_medium.onnx+CIFAR100_resnet_medium_prop_idx_2697_sidx_4836_eps_0.0039.vnnlib,SAT,3.18,100,0.25,100,10000,0.001,26,15,0.37906433296080927,1.7388431636769903,,2026-05-03T21:46:32.610887+00:00
cifar100_2024,CIFAR100_resnet_medium.onnx+CIFAR100_resnet_medium_prop_idx_9665_sidx_9074_eps_0.0039.vnnlib,SAT,3.22,100,0.25,100,10000,0.001,88,16,0.21583012342470362,1.7388431636769903,,2026-05-03T21:46:40.498102+00:00
cifar100_2024,CIFAR100_resnet_medium.onnx+CIFAR100_resnet_medium_prop_idx_9518_sidx_9183_eps_0.0039.vnnlib,SAT,3.23,100,0.25,100,10000,0.001,47,96,0.0758314979058215,1.7388431636769903,,2026-05-03T21:46:48.503473+00:00
cifar100_2024,CIFAR100_resnet_medium.onnx+CIFAR100_resnet_medium_prop_idx_5973_sidx_7841_eps_0.0039.vnnlib,UNKNOWN,3.19,100,0.25,100,10000,0.001,92,92,0.7996443786845846,1.7388431636769903,,2026-05-03T21:46:56.424145+00:00
cifar100_2024,CIFAR100_resnet_medium.onnx+CIFAR100_resnet_medium_prop_idx_9845_sidx_200_eps_0.0039.vnnlib,UNKNOWN,2.17,100,0.25,100,10000,0.001,91,91,0.7996443786845846,1.7388431636769903,,2026-05-03T21:47:03.225661+00:00
cifar100_2024,CIFAR100_resnet_medium.onnx+CIFAR100_resnet_medium_prop_idx_2779_sidx_6416_eps_0.0039.vnnlib,SAT,3.18,100,0.25,100,10000,0.001,57,9,0.1350154830433537,1.7388431636769903,,2026-05-03T21:47:11.335075+00:00
cifar100_2024,CIFAR100_resnet_medium.onnx+CIFAR100_resnet_medium_prop_idx_6292_sidx_5430_eps_0.0039.vnnlib,SAT,3.20,100,0.25,100,10000,0.001,33,79,0.10786577819360099,1.7388431636769903,,2026-05-03T21:47:19.272021+00:00
cifar100_2024,CIFAR100_resnet_medium.onnx+CIFAR100_resnet_medium_prop_idx_8642_sidx_9095_eps_0.0039.vnnlib,UNKNOWN,3.21,100,0.25,100,10000,0.001,52,52,0.4328400044018771,1.7388431636769903,,2026-05-03T21:47:27.073552+00:00
cifar100_2024,CIFAR100_resnet_medium.onnx+CIFAR100_resnet_medium_prop_idx_6049_sidx_4719_eps_0.0039.vnnlib,UNKNOWN,3.19,100,0.25,100,10000,0.001,88,88,0.7996443786845846,1.7388431636769903,,2026-05-03T21:47:34.885371+00:00
cifar100_2024,CIFAR100_resnet_medium.onnx+CIFAR100_resnet_medium_prop_idx_8739_sidx_1540_eps_0.0039.vnnlib,UNKNOWN,3.19,100,0.25,100,10000,0.001,8,8,0.6320060939110094,1.7388431636769903,,2026-05-03T21:47:42.674219+00:00
cifar100_2024,CIFAR100_resnet_medium.onnx+CIFAR100_resnet_medium_prop_idx_7034_sidx_4129_eps_0.0039.vnnlib,UNKNOWN,3.20,100,0.25,100,10000,0.001,6,6,0.7996443786845846,1.7388431636769903,,2026-05-03T21:47:50.508500+00:00
cifar100_2024,CIFAR100_resnet_medium.onnx+CIFAR100_resnet_medium_prop_idx_1498_sidx_792_eps_0.0039.vnnlib,UNKNOWN,3.20,100,0.25,100,10000,0.001,72,72,0.6014538244767529,1.7388431636769903,,2026-05-03T21:47:58.342563+00:00
cifar100_2024,CIFAR100_resnet_medium.onnx+CIFAR100_resnet_medium_prop_idx_3898_sidx_9109_eps_0.0039.vnnlib,SAT,1.11,100,0.25,100,10000,0.001,78,80,0.15006251823935204,1.7388431636769903,,2026-05-03T21:48:04.075753+00:00
cifar100_2024,CIFAR100_resnet_medium.onnx+CIFAR100_resnet_medium_prop_idx_854_sidx_6893_eps_0.0039.vnnlib,SAT,3.21,100,0.25,100,10000,0.001,89,15,0.24589910383274782,1.7388431636769903,,2026-05-03T21:48:11.944520+00:00
cifar100_2024,CIFAR100_resnet_medium.onnx+CIFAR100_resnet_medium_prop_idx_9502_sidx_7197_eps_0.0039.vnnlib,UNKNOWN,3.21,100,0.25,100,10000,0.001,57,57,0.2043212713514997,1.7388431636769903,,2026-05-03T21:48:19.769843+00:00
cifar100_2024,CIFAR100_resnet_medium.onnx+CIFAR100_resnet_medium_prop_idx_2551_sidx_9941_eps_0.0039.vnnlib,SAT,3.20,100,0.25,100,10000,0.001,37,17,0.3416283497223527,1.7388431636769903,,2026-05-03T21:48:27.605028+00:00
cifar100_2024,CIFAR100_resnet_medium.onnx+CIFAR100_resnet_medium_prop_idx_7658_sidx_1537_eps_0.0039.vnnlib,UNKNOWN,3.20,100,0.25,100,10000,0.001,45,45,0.13391361567080376,1.7388431636769903,,2026-05-03T21:48:35.423168+00:00
cifar100_2024,CIFAR100_resnet_medium.onnx+CIFAR100_resnet_medium_prop_idx_9726_sidx_4400_eps_0.0039.vnnlib,SAT,3.19,100,0.25,100,10000,0.001,7,75,0.4422161070091873,1.7388431636769903,,2026-05-03T21:48:43.220179+00:00
cifar100_2024,CIFAR100_resnet_medium.onnx+CIFAR100_resnet_medium_prop_idx_9313_sidx_6462_eps_0.0039.vnnlib,UNKNOWN,3.23,100,0.25,100,10000,0.001,-1,42,0.0,1.7388431636769903,,2026-05-03T21:48:51.092529+00:00
cifar100_2024,CIFAR100_resnet_medium.onnx+CIFAR100_resnet_medium_prop_idx_815_sidx_1902_eps_0.0039.vnnlib,UNKNOWN,3.20,100,0.25,100,10000,0.001,66,66,0.06381934856090274,1.7388431636769903,,2026-05-03T21:48:58.912739+00:00
cifar100_2024,CIFAR100_resnet_medium.onnx+CIFAR100_resnet_medium_prop_idx_6491_sidx_3620_eps_0.0039.vnnlib,UNKNOWN,3.18,100,0.25,100,10000,0.001,-1,80,0.0,1.7388431636769903,,2026-05-03T21:49:06.708038+00:00
cifar100_2024,CIFAR100_resnet_medium.onnx+CIFAR100_resnet_medium_prop_idx_4605_sidx_6225_eps_0.0039.vnnlib,UNKNOWN,3.18,100,0.25,100,10000,0.001,92,92,0.7996443786845846,1.7388431636769903,,2026-05-03T21:49:14.512468+00:00
cifar100_2024,CIFAR100_resnet_medium.onnx+CIFAR100_resnet_medium_prop_idx_2352_sidx_2704_eps_0.0039.vnnlib,UNKNOWN,3.18,100,0.25,100,10000,0.001,42,42,0.3376630705022825,1.7388431636769903,,2026-05-03T21:49:22.317470+00:00
cifar100_2024,CIFAR100_resnet_medium.onnx+CIFAR100_resnet_medium_prop_idx_1642_sidx_7494_eps_0.0039.vnnlib,SAT,3.22,100,0.25,100,10000,0.001,88,43,0.14273321987203677,1.7388431636769903,,2026-05-03T21:49:30.143435+00:00
cifar100_2024,CIFAR100_resnet_medium.onnx+CIFAR100_resnet_medium_prop_idx_8502_sidx_2893_eps_0.0039.vnnlib,SAT,3.22,100,0.25,100,10000,0.001,1,25,0.5923568480067831,1.7388431636769903,,2026-05-03T21:49:37.973390+00:00
cifar100_2024,CIFAR100_resnet_medium.onnx+CIFAR100_resnet_medium_prop_idx_4964_sidx_5266_eps_0.0039.vnnlib,UNKNOWN,3.22,100,0.25,100,10000,0.001,20,20,0.3218725995788111,1.7388431636769903,,2026-05-03T21:49:45.816647+00:00
cifar100_2024,CIFAR100_resnet_medium.onnx+CIFAR100_resnet_medium_prop_idx_6369_sidx_8824_eps_0.0039.vnnlib,SAT,3.18,100,0.25,100,10000,0.001,88,43,0.21212589706081225,1.7388431636769903,,2026-05-03T21:49:53.621156+00:00
cifar100_2024,CIFAR100_resnet_medium.onnx+CIFAR100_resnet_medium_prop_idx_966_sidx_2330_eps_0.0039.vnnlib,UNKNOWN,3.24,100,0.25,100,10000,0.001,33,33,0.608544239465263,1.7388431636769903,,2026-05-03T21:50:01.481141+00:00
cifar100_2024,CIFAR100_resnet_medium.onnx+CIFAR100_resnet_medium_prop_idx_9162_sidx_4337_eps_0.0039.vnnlib,SAT,3.16,100,0.25,100,10000,0.001,26,50,0.024515387011846062,1.7388431636769903,,2026-05-03T21:50:09.310634+00:00
cifar100_2024,CIFAR100_resnet_medium.onnx+CIFAR100_resnet_medium_prop_idx_425_sidx_9099_eps_0.0039.vnnlib,UNKNOWN,3.17,100,0.25,100,10000,0.001,26,26,0.4505639430310892,1.7388431636769903,,2026-05-03T21:50:17.073483+00:00
cifar100_2024,CIFAR100_resnet_medium.onnx+CIFAR100_resnet_medium_prop_idx_4898_sidx_6695_eps_0.0039.vnnlib,UNKNOWN,3.18,100,0.25,100,10000,0.001,81,81,0.667318802937995,1.7388431636769903,,2026-05-03T21:50:24.886216+00:00
cifar100_2024,CIFAR100_resnet_medium.onnx+CIFAR100_resnet_medium_prop_idx_7500_sidx_40_eps_0.0039.vnnlib,SAT,3.20,100,0.25,100,10000,0.001,21,98,0.010099794410762145,1.7388431636769903,,2026-05-03T21:50:32.697440+00:00
cifar100_2024,CIFAR100_resnet_medium.onnx+CIFAR100_resnet_medium_prop_idx_7176_sidx_1522_eps_0.0039.vnnlib,UNKNOWN,3.17,100,0.25,100,10000,0.001,-1,68,0.0,1.7388431636769903,,2026-05-03T21:50:40.486948+00:00
cifar100_2024,CIFAR100_resnet_medium.onnx+CIFAR100_resnet_medium_prop_idx_2050_sidx_8228_eps_0.0039.vnnlib,UNKNOWN,3.20,100,0.25,100,10000,0.001,2,2,0.06780404292485284,1.7388431636769903,,2026-05-03T21:50:48.469824+00:00
cifar100_2024,CIFAR100_resnet_medium.onnx+CIFAR100_resnet_medium_prop_idx_7470_sidx_4555_eps_0.0039.vnnlib,UNKNOWN,3.21,100,0.25,100,10000,0.001,21,21,0.6320060939110094,1.7388431636769903,,2026-05-03T21:50:56.283648+00:00
cifar100_2024,CIFAR100_resnet_medium.onnx+CIFAR100_resnet_medium_prop_idx_5797_sidx_6343_eps_0.0039.vnnlib,UNKNOWN,2.36,100,0.25,100,10000,0.001,37,37,0.6734511600442032,1.7388431636769903,,2026-05-03T21:51:03.426154+00:00
cifar100_2024,CIFAR100_resnet_medium.onnx+CIFAR100_resnet_medium_prop_idx_5894_sidx_5577_eps_0.0039.vnnlib,SAT,3.20,100,0.25,100,10000,0.001,52,96,0.03967108933152193,1.7388431636769903,,2026-05-03T21:51:11.287205+00:00
cifar100_2024,CIFAR100_resnet_medium.onnx+CIFAR100_resnet_medium_prop_idx_3852_sidx_2848_eps_0.0039.vnnlib,UNKNOWN,3.18,100,0.25,100,10000,0.001,-1,31,0.0,1.7388431636769903,,2026-05-03T21:51:19.180918+00:00
cifar100_2024,CIFAR100_resnet_medium.onnx+CIFAR100_resnet_medium_prop_idx_2925_sidx_8815_eps_0.0039.vnnlib,UNKNOWN,3.17,100,0.25,100,10000,0.001,2,2,0.667318802937995,1.7388431636769903,,2026-05-03T21:51:27.095552+00:00
cifar100_2024,CIFAR100_resnet_large.onnx+CIFAR100_resnet_large_prop_idx_496_sidx_1194_eps_0.0039.vnnlib,SAT,3.52,100,0.25,100,10000,0.001,51,91,0.5863564867387286,1.7388431636769903,,2026-05-06T01:40:55.762009+00:00
cifar100_2024,CIFAR100_resnet_large.onnx+CIFAR100_resnet_large_prop_idx_4385_sidx_9116_eps_0.0039.vnnlib,UNKNOWN,3.59,100,0.25,100,10000,0.001,58,58,0.42070363287601026,1.7388431636769903,,2026-05-06T01:41:03.982397+00:00
cifar100_2024,CIFAR100_resnet_large.onnx+CIFAR100_resnet_large_prop_idx_5308_sidx_1650_eps_0.0039.vnnlib,UNKNOWN,3.50,100,0.25,100,10000,0.001,85,85,0.03445501012073901,1.7388431636769903,,2026-05-06T01:41:12.152305+00:00
cifar100_2024,CIFAR100_resnet_large.onnx+CIFAR100_resnet_large_prop_idx_4757_sidx_803_eps_0.0039.vnnlib,UNKNOWN,3.47,100,0.25,100,10000,0.001,13,13,0.6513376665679166,1.7388431636769903,,2026-05-06T01:41:20.222578+00:00
cifar100_2024,CIFAR100_resnet_large.onnx+CIFAR100_resnet_large_prop_idx_4227_sidx_5883_eps_0.0039.vnnlib,SAT,3.52,100,0.25,100,10000,0.001,88,66,0.13362024736967873,1.7388431636769903,,2026-05-06T01:41:28.463059+00:00
cifar100_2024,CIFAR100_resnet_large.onnx+CIFAR100_resnet_large_prop_idx_8589_sidx_3105_eps_0.0039.vnnlib,SAT,3.50,100,0.25,100,10000,0.001,33,60,0.44582458837030914,1.7388431636769903,,2026-05-06T01:41:36.734405+00:00
cifar100_2024,CIFAR100_resnet_large.onnx+CIFAR100_resnet_large_prop_idx_8476_sidx_3906_eps_0.0039.vnnlib,SAT,3.48,100,0.25,100,10000,0.001,37,31,0.20783443238395238,1.7388431636769903,,2026-05-06T01:41:44.903267+00:00
cifar100_2024,CIFAR100_resnet_large.onnx+CIFAR100_resnet_large_prop_idx_1456_sidx_5797_eps_0.0039.vnnlib,UNKNOWN,3.50,100,0.25,100,10000,0.001,48,48,0.5126556205886809,1.7388431636769903,,2026-05-06T01:41:53.033249+00:00
cifar100_2024,CIFAR100_resnet_large.onnx+CIFAR100_resnet_large_prop_idx_998_sidx_7605_eps_0.0039.vnnlib,SAT,3.51,100,0.25,100,10000,0.001,62,53,0.1735779858601863,1.7388431636769903,,2026-05-06T01:42:01.164320+00:00
cifar100_2024,CIFAR100_resnet_large.onnx+CIFAR100_resnet_large_prop_idx_9778_sidx_7516_eps_0.0039.vnnlib,SAT,3.49,100,0.25,100,10000,0.001,78,10,0.7996443786845846,1.7388431636769903,,2026-05-06T01:42:09.281900+00:00
cifar100_2024,CIFAR100_resnet_large.onnx+CIFAR100_resnet_large_prop_idx_1063_sidx_7948_eps_0.0039.vnnlib,UNKNOWN,3.48,100,0.25,100,10000,0.001,83,83,0.7996443786845846,1.7388431636769903,,2026-05-06T01:42:17.377333+00:00
cifar100_2024,CIFAR100_resnet_large.onnx+CIFAR100_resnet_large_prop_idx_1426_sidx_3855_eps_0.0039.vnnlib,SAT,3.48,100,0.25,100,10000,0.001,45,4,0.05068030125287026,1.7388431636769903,,2026-05-06T01:42:25.516469+00:00
cifar100_2024,CIFAR100_resnet_large.onnx+CIFAR100_resnet_large_prop_idx_3355_sidx_212_eps_0.0039.vnnlib,SAT,3.52,100,0.25,100,10000,0.001,78,26,0.3881126343381571,1.7388431636769903,,2026-05-06T01:42:33.651460+00:00
cifar100_2024,CIFAR100_resnet_large.onnx+CIFAR100_resnet_large_prop_idx_1439_sidx_8354_eps_0.0039.vnnlib,UNKNOWN,3.47,100,0.25,100,10000,0.001,82,82,0.6195023679253225,1.7388431636769903,,2026-05-06T01:42:41.791152+00:00
cifar100_2024,CIFAR100_resnet_large.onnx+CIFAR100_resnet_large_prop_idx_3585_sidx_3469_eps_0.0039.vnnlib,SAT,3.49,100,0.25,100,10000,0.001,45,11,0.22512137991627496,1.7388431636769903,,2026-05-06T01:42:49.895101+00:00
cifar100_2024,CIFAR100_resnet_large.onnx+CIFAR100_resnet_large_prop_idx_2636_sidx_1992_eps_0.0039.vnnlib,SAT,3.48,100,0.25,100,10000,0.001,33,18,0.6836758893496957,1.7388431636769903,,2026-05-06T01:42:57.951095+00:00
cifar100_2024,CIFAR100_resnet_large.onnx+CIFAR100_resnet_large_prop_idx_6101_sidx_3593_eps_0.0039.vnnlib,UNKNOWN,1.80,100,0.25,100,10000,0.001,41,41,0.6589317718914884,1.7388431636769903,,2026-05-06T01:43:04.374978+00:00
cifar100_2024,CIFAR100_resnet_large.onnx+CIFAR100_resnet_large_prop_idx_1059_sidx_6596_eps_0.0039.vnnlib,SAT,3.49,100,0.25,100,10000,0.001,27,49,0.02211749641984896,1.7388431636769903,,2026-05-06T01:43:12.468735+00:00
cifar100_2024,CIFAR100_resnet_large.onnx+CIFAR100_resnet_large_prop_idx_9773_sidx_3718_eps_0.0039.vnnlib,SAT,3.49,100,0.25,100,10000,0.001,28,40,0.13208322573764883,1.7388431636769903,,2026-05-06T01:43:20.577609+00:00
cifar100_2024,CIFAR100_resnet_large.onnx+CIFAR100_resnet_large_prop_idx_7890_sidx_4421_eps_0.0039.vnnlib,UNKNOWN,3.50,100,0.25,100,10000,0.001,40,40,0.3582798530819943,1.7388431636769903,,2026-05-06T01:43:28.686822+00:00
cifar100_2024,CIFAR100_resnet_large.onnx+CIFAR100_resnet_large_prop_idx_2993_sidx_2485_eps_0.0039.vnnlib,SAT,3.48,100,0.25,100,10000,0.001,33,68,0.4851953968065509,1.7388431636769903,,2026-05-06T01:43:36.793378+00:00
cifar100_2024,CIFAR100_resnet_large.onnx+CIFAR100_resnet_large_prop_idx_1105_sidx_9000_eps_0.0039.vnnlib,SAT,3.47,100,0.25,100,10000,0.001,81,94,0.343983414028712,1.7388431636769903,,2026-05-06T01:43:44.873124+00:00
cifar100_2024,CIFAR100_resnet_large.onnx+CIFAR100_resnet_large_prop_idx_383_sidx_3388_eps_0.0039.vnnlib,UNKNOWN,3.51,100,0.25,100,10000,0.001,81,81,0.32023198612641024,1.7388431636769903,,2026-05-06T01:43:52.985217+00:00
cifar100_2024,CIFAR100_resnet_large.onnx+CIFAR100_resnet_large_prop_idx_6341_sidx_3142_eps_0.0039.vnnlib,UNKNOWN,3.52,100,0.25,100,10000,0.001,5,5,0.19324669804237482,1.7388431636769903,,2026-05-06T01:44:01.240219+00:00
cifar100_2024,CIFAR100_resnet_large.onnx+CIFAR100_resnet_large_prop_idx_2132_sidx_6868_eps_0.0039.vnnlib,SAT,3.52,100,0.25,100,10000,0.001,81,12,0.4833934571957447,1.7388431636769903,,2026-05-06T01:44:09.638600+00:00
cifar100_2024,CIFAR100_resnet_large.onnx+CIFAR100_resnet_large_prop_idx_3443_sidx_918_eps_0.0039.vnnlib,SAT,3.47,100,0.25,100,10000,0.001,33,68,0.7996443786845846,1.7388431636769903,,2026-05-06T01:44:17.745897+00:00
cifar100_2024,CIFAR100_resnet_large.onnx+CIFAR100_resnet_large_prop_idx_8119_sidx_972_eps_0.0039.vnnlib,UNKNOWN,3.48,100,0.25,100,10000,0.001,-1,2,0.0,1.7388431636769903,,2026-05-06T01:44:25.840246+00:00
cifar100_2024,CIFAR100_resnet_large.onnx+CIFAR100_resnet_large_prop_idx_484_sidx_161_eps_0.0039.vnnlib,UNKNOWN,3.48,100,0.25,100,10000,0.001,52,52,0.7639456866020711,1.7388431636769903,,2026-05-06T01:44:33.920462+00:00
cifar100_2024,CIFAR100_resnet_large.onnx+CIFAR100_resnet_large_prop_idx_62_sidx_313_eps_0.0039.vnnlib,UNKNOWN,3.46,100,0.25,100,10000,0.001,33,33,0.7996443786845846,1.7388431636769903,,2026-05-06T01:44:42.008316+00:00
cifar100_2024,CIFAR100_resnet_large.onnx+CIFAR100_resnet_large_prop_idx_6269_sidx_6873_eps_0.0039.vnnlib,UNKNOWN,3.51,100,0.25,100,10000,0.001,34,34,0.6589317718914884,1.7388431636769903,,2026-05-06T01:44:50.131307+00:00
cifar100_2024,CIFAR100_resnet_large.onnx+CIFAR100_resnet_large_prop_idx_3703_sidx_3842_eps_0.0039.vnnlib,SAT,3.50,100,0.25,100,10000,0.001,47,94,0.15924372941452572,1.7388431636769903,,2026-05-06T01:44:58.319243+00:00
cifar100_2024,CIFAR100_resnet_large.onnx+CIFAR100_resnet_large_prop_idx_2998_sidx_6947_eps_0.0039.vnnlib,UNKNOWN,3.45,100,0.25,100,10000,0.001,63,63,0.6703246983993488,1.7388431636769903,,2026-05-06T01:45:06.537856+00:00
cifar100_2024,CIFAR100_resnet_large.onnx+CIFAR100_resnet_large_prop_idx_7926_sidx_589_eps_0.0039.vnnlib,UNKNOWN,3.49,100,0.25,100,10000,0.001,34,34,0.41580711297441725,1.7388431636769903,,2026-05-06T01:45:14.638556+00:00
cifar100_2024,CIFAR100_resnet_large.onnx+CIFAR100_resnet_large_prop_idx_3681_sidx_4987_eps_0.0039.vnnlib,UNKNOWN,3.52,100,0.25,100,10000,0.001,32,32,0.15258683356954916,1.7388431636769903,,2026-05-06T01:45:22.750085+00:00
cifar100_2024,CIFAR100_resnet_large.onnx+CIFAR100_resnet_large_prop_idx_5410_sidx_2762_eps_0.0039.vnnlib,SAT,3.47,100,0.25,100,10000,0.001,8,50,0.10356981666947207,1.7388431636769903,,2026-05-06T01:45:30.827625+00:00
cifar100_2024,CIFAR100_resnet_large.onnx+CIFAR100_resnet_large_prop_idx_1280_sidx_5310_eps_0.0039.vnnlib,UNKNOWN,3.47,100,0.25,100,10000,0.001,89,89,0.08642387849470624,1.7388431636769903,,2026-05-06T01:45:38.889034+00:00
cifar100_2024,CIFAR100_resnet_large.onnx+CIFAR100_resnet_large_prop_idx_7233_sidx_4318_eps_0.0039.vnnlib,UNKNOWN,3.51,100,0.25,100,10000,0.001,33,33,0.6359362700328686,1.7388431636769903,,2026-05-06T01:45:47.011337+00:00
cifar100_2024,CIFAR100_resnet_large.onnx+CIFAR100_resnet_large_prop_idx_2724_sidx_6459_eps_0.0039.vnnlib,SAT,3.50,100,0.25,100,10000,0.001,48,86,0.7784908980456575,1.7388431636769903,,2026-05-06T01:45:55.176237+00:00
cifar100_2024,CIFAR100_resnet_large.onnx+CIFAR100_resnet_large_prop_idx_3894_sidx_5803_eps_0.0039.vnnlib,UNKNOWN,3.55,100,0.25,100,10000,0.001,81,81,0.365045465860731,1.7388431636769903,,2026-05-06T01:46:03.365704+00:00
cifar100_2024,CIFAR100_resnet_large.onnx+CIFAR100_resnet_large_prop_idx_3858_sidx_134_eps_0.0039.vnnlib,UNKNOWN,3.49,100,0.25,100,10000,0.001,81,81,0.6443873803377348,1.7388431636769903,,2026-05-06T01:46:11.467274+00:00
cifar100_2024,CIFAR100_resnet_large.onnx+CIFAR100_resnet_large_prop_idx_8005_sidx_2582_eps_0.0039.vnnlib,UNKNOWN,3.50,100,0.25,100,10000,0.001,51,51,0.41237227120577635,1.7388431636769903,,2026-05-06T01:46:19.594105+00:00
cifar100_2024,CIFAR100_resnet_large.onnx+CIFAR100_resnet_large_prop_idx_1298_sidx_33_eps_0.0039.vnnlib,SAT,3.53,100,0.25,100,10000,0.001,23,76,0.10522883772860551,1.7388431636769903,,2026-05-06T01:46:27.841141+00:00
cifar100_2024,CIFAR100_resnet_large.onnx+CIFAR100_resnet_large_prop_idx_9935_sidx_75_eps_0.0039.vnnlib,UNKNOWN,3.52,100,0.25,100,10000,0.001,18,18,0.7996443786845846,1.7388431636769903,,2026-05-06T01:46:36.086524+00:00
cifar100_2024,CIFAR100_resnet_large.onnx+CIFAR100_resnet_large_prop_idx_276_sidx_476_eps_0.0039.vnnlib,SAT,3.49,100,0.25,100,10000,0.001,19,31,0.10578293877313687,1.7388431636769903,,2026-05-06T01:46:44.215801+00:00
cifar100_2024,CIFAR100_resnet_large.onnx+CIFAR100_resnet_large_prop_idx_1913_sidx_2767_eps_0.0039.vnnlib,SAT,3.51,100,0.25,100,10000,0.001,42,64,0.018903324722766478,1.7388431636769903,,2026-05-06T01:46:52.325005+00:00
cifar100_2024,CIFAR100_resnet_large.onnx+CIFAR100_resnet_large_prop_idx_1309_sidx_8525_eps_0.0039.vnnlib,UNKNOWN,3.49,100,0.25,100,10000,0.001,12,12,0.7430371963615241,1.7388431636769903,,2026-05-06T01:47:00.449349+00:00
cifar100_2024,CIFAR100_resnet_large.onnx+CIFAR100_resnet_large_prop_idx_4862_sidx_9853_eps_0.0039.vnnlib,UNKNOWN,3.48,100,0.25,100,10000,0.001,81,81,0.7784908980456575,1.7388431636769903,,2026-05-06T01:47:08.535667+00:00
cifar100_2024,CIFAR100_resnet_large.onnx+CIFAR100_resnet_large_prop_idx_7554_sidx_8201_eps_0.0039.vnnlib,SAT,3.53,100,0.25,100,10000,0.001,37,17,0.35572128806673475,1.7388431636769903,,2026-05-06T01:47:16.735381+00:00
cifar100_2024,CIFAR100_resnet_large.onnx+CIFAR100_resnet_large_prop_idx_4571_sidx_3801_eps_0.0039.vnnlib,SAT,3.46,100,0.25,100,10000,0.001,61,2,0.5948673053991422,1.7388431636769903,,2026-05-06T01:47:24.905393+00:00
cifar100_2024,CIFAR100_resnet_large.onnx+CIFAR100_resnet_large_prop_idx_5769_sidx_1524_eps_0.0039.vnnlib,SAT,3.51,100,0.25,100,10000,0.001,4,55,0.16285322522255255,1.7388431636769903,,2026-05-06T01:47:33.007891+00:00
cifar100_2024,CIFAR100_resnet_large.onnx+CIFAR100_resnet_large_prop_idx_8748_sidx_4804_eps_0.0039.vnnlib,SAT,3.51,100,0.25,100,10000,0.001,37,31,0.36313818568583345,1.7388431636769903,,2026-05-06T01:47:41.101576+00:00
cifar100_2024,CIFAR100_resnet_large.onnx+CIFAR100_resnet_large_prop_idx_3950_sidx_4217_eps_0.0039.vnnlib,UNKNOWN,3.50,100,0.25,100,10000,0.001,90,90,0.6246442748297839,1.7388431636769903,,2026-05-06T01:47:49.195976+00:00
cifar100_2024,CIFAR100_resnet_large.onnx+CIFAR100_resnet_large_prop_idx_7886_sidx_7064_eps_0.0039.vnnlib,UNKNOWN,3.50,100,0.25,100,10000,0.001,62,62,0.6379712475011602,1.7388431636769903,,2026-05-06T01:47:57.329142+00:00
cifar100_2024,CIFAR100_resnet_large.onnx+CIFAR100_resnet_large_prop_idx_4652_sidx_1371_eps_0.0039.vnnlib,SAT,1.82,100,0.25,100,10000,0.001,93,95,0.07068994100584146,1.7388431636769903,,2026-05-06T01:48:03.753199+00:00
cifar100_2024,CIFAR100_resnet_large.onnx+CIFAR100_resnet_large_prop_idx_1938_sidx_6556_eps_0.0039.vnnlib,SAT,3.48,100,0.25,100,10000,0.001,88,43,0.05203161818165821,1.7388431636769903,,2026-05-06T01:48:11.858582+00:00
cifar100_2024,CIFAR100_resnet_large.onnx+CIFAR100_resnet_large_prop_idx_8332_sidx_4482_eps_0.0039.vnnlib,SAT,3.46,100,0.25,100,10000,0.001,78,85,0.06767310336963639,1.7388431636769903,,2026-05-06T01:48:19.930388+00:00
cifar100_2024,CIFAR100_resnet_large.onnx+CIFAR100_resnet_large_prop_idx_2302_sidx_3657_eps_0.0039.vnnlib,SAT,3.50,100,0.25,100,10000,0.001,45,76,0.07411388288701645,1.7388431636769903,,2026-05-06T01:48:28.025417+00:00
cifar100_2024,CIFAR100_resnet_large.onnx+CIFAR100_resnet_large_prop_idx_7104_sidx_9469_eps_0.0039.vnnlib,UNKNOWN,3.51,100,0.25,100,10000,0.001,66,66,0.12139433027046195,1.7388431636769903,,2026-05-06T01:48:36.159702+00:00
cifar100_2024,CIFAR100_resnet_large.onnx+CIFAR100_resnet_large_prop_idx_2783_sidx_8903_eps_0.0039.vnnlib,SAT,3.50,100,0.25,100,10000,0.001,78,26,0.3051078631971793,1.7388431636769903,,2026-05-06T01:48:44.278982+00:00
cifar100_2024,CIFAR100_resnet_large.onnx+CIFAR100_resnet_large_prop_idx_6491_sidx_3620_eps_0.0039.vnnlib,SAT,3.50,100,0.25,100,10000,0.001,88,80,0.5875267844913576,1.7388431636769903,,2026-05-06T01:48:52.454456+00:00
cifar100_2024,CIFAR100_resnet_large.onnx+CIFAR100_resnet_large_prop_idx_5162_sidx_8126_eps_0.0039.vnnlib,SAT,3.47,100,0.25,100,10000,0.001,62,1,0.7996443786845846,1.7388431636769903,,2026-05-06T01:49:00.517360+00:00
cifar100_2024,CIFAR100_resnet_large.onnx+CIFAR100_resnet_large_prop_idx_8502_sidx_2893_eps_0.0039.vnnlib,SAT,3.48,100,0.25,100,10000,0.001,13,25,0.7784908980456575,1.7388431636769903,,2026-05-06T01:49:08.687505+00:00
cifar100_2024,CIFAR100_resnet_large.onnx+CIFAR100_resnet_large_prop_idx_3143_sidx_9413_eps_0.0039.vnnlib,SAT,3.48,100,0.25,100,10000,0.001,45,19,0.17824198068447283,1.7388431636769903,,2026-05-06T01:49:16.888542+00:00
cifar100_2024,CIFAR100_resnet_large.onnx+CIFAR100_resnet_large_prop_idx_656_sidx_2209_eps_0.0039.vnnlib,SAT,3.48,100,0.25,100,10000,0.001,70,25,0.5531049162755474,1.7388431636769903,,2026-05-06T01:49:24.971563+00:00
cifar100_2024,CIFAR100_resnet_large.onnx+CIFAR100_resnet_large_prop_idx_4322_sidx_9995_eps_0.0039.vnnlib,UNKNOWN,3.46,100,0.25,100,10000,0.001,21,21,0.06505852363138767,1.7388431636769903,,2026-05-06T01:49:33.029123+00:00
cifar100_2024,CIFAR100_resnet_large.onnx+CIFAR100_resnet_large_prop_idx_5804_sidx_1885_eps_0.0039.vnnlib,UNKNOWN,3.51,100,0.25,100,10000,0.001,-1,19,0.0,1.7388431636769903,,2026-05-06T01:49:41.155681+00:00
cifar100_2024,CIFAR100_resnet_large.onnx+CIFAR100_resnet_large_prop_idx_2630_sidx_1753_eps_0.0039.vnnlib,SAT,3.50,100,0.25,100,10000,0.001,88,42,0.206297839355973,1.7388431636769903,,2026-05-06T01:49:49.396068+00:00
cifar100_2024,CIFAR100_resnet_large.onnx+CIFAR100_resnet_large_prop_idx_2461_sidx_2912_eps_0.0039.vnnlib,UNKNOWN,3.49,100,0.25,100,10000,0.001,44,44,0.7639456866020711,1.7388431636769903,,2026-05-06T01:49:57.606331+00:00
cifar100_2024,CIFAR100_resnet_large.onnx+CIFAR100_resnet_large_prop_idx_4486_sidx_8828_eps_0.0039.vnnlib,SAT,1.96,100,0.25,100,10000,0.001,45,93,0.6589317718914884,1.7388431636769903,,2026-05-06T01:50:04.218519+00:00
cifar100_2024,CIFAR100_resnet_large.onnx+CIFAR100_resnet_large_prop_idx_5810_sidx_7106_eps_0.0039.vnnlib,UNKNOWN,3.49,100,0.25,100,10000,0.001,27,27,0.7996443786845846,1.7388431636769903,,2026-05-06T01:50:12.302211+00:00
cifar100_2024,CIFAR100_resnet_large.onnx+CIFAR100_resnet_large_prop_idx_6343_sidx_1886_eps_0.0039.vnnlib,UNKNOWN,3.47,100,0.25,100,10000,0.001,-1,84,0.0,1.7388431636769903,,2026-05-06T01:50:20.384941+00:00
cifar100_2024,CIFAR100_resnet_large.onnx+CIFAR100_resnet_large_prop_idx_9640_sidx_7273_eps_0.0039.vnnlib,UNKNOWN,3.50,100,0.25,100,10000,0.001,37,37,0.6801126721928175,1.7388431636769903,,2026-05-06T01:50:28.490998+00:00
cifar100_2024,CIFAR100_resnet_large.onnx+CIFAR100_resnet_large_prop_idx_5522_sidx_5863_eps_0.0039.vnnlib,SAT,3.48,100,0.25,100,10000,0.001,1,18,0.38032529523167696,1.7388431636769903,,2026-05-06T01:50:36.652747+00:00
cifar100_2024,CIFAR100_resnet_large.onnx+CIFAR100_resnet_large_prop_idx_9460_sidx_4347_eps_0.0039.vnnlib,SAT,3.50,100,0.25,100,10000,0.001,88,34,0.21240202831534755,1.7388431636769903,,2026-05-06T01:50:44.911810+00:00
cifar100_2024,CIFAR100_resnet_large.onnx+CIFAR100_resnet_large_prop_idx_8865_sidx_700_eps_0.0039.vnnlib,UNKNOWN,3.48,100,0.25,100,10000,0.001,22,22,0.7996443786845846,1.7388431636769903,,2026-05-06T01:50:53.011839+00:00
cifar100_2024,CIFAR100_resnet_large.onnx+CIFAR100_resnet_large_prop_idx_8395_sidx_8915_eps_0.0039.vnnlib,UNKNOWN,3.50,100,0.25,100,10000,0.001,77,77,0.3197870293882334,1.7388431636769903,,2026-05-06T01:51:01.137729+00:00
cifar100_2024,CIFAR100_resnet_large.onnx+CIFAR100_resnet_large_prop_idx_9883_sidx_7162_eps_0.0039.vnnlib,UNKNOWN,3.47,100,0.25,100,10000,0.001,93,93,0.7275895071106926,1.7388431636769903,,2026-05-06T01:51:09.358348+00:00
cifar100_2024,CIFAR100_resnet_large.onnx+CIFAR100_resnet_large_prop_idx_3573_sidx_2903_eps_0.0039.vnnlib,UNKNOWN,3.47,100,0.25,100,10000,0.001,37,37,0.633948677169767,1.7388431636769903,,2026-05-06T01:51:17.419776+00:00
cifar100_2024,CIFAR100_resnet_large.onnx+CIFAR100_resnet_large_prop_idx_6418_sidx_7923_eps_0.0039.vnnlib,SAT,3.51,100,0.25,100,10000,0.001,90,58,0.11613780701585491,1.7388431636769903,,2026-05-06T01:51:25.548154+00:00
cifar100_2024,CIFAR100_resnet_large.onnx+CIFAR100_resnet_large_prop_idx_2668_sidx_2652_eps_0.0039.vnnlib,UNKNOWN,3.46,100,0.25,100,10000,0.001,-1,63,0.0,1.7388431636769903,,2026-05-06T01:51:33.621379+00:00
cifar100_2024,CIFAR100_resnet_large.onnx+CIFAR100_resnet_large_prop_idx_1216_sidx_6431_eps_0.0039.vnnlib,UNKNOWN,3.49,100,0.25,100,10000,0.001,48,48,0.7996443786845846,1.7388431636769903,,2026-05-06T01:51:41.739771+00:00
cifar100_2024,CIFAR100_resnet_large.onnx+CIFAR100_resnet_large_prop_idx_6583_sidx_8860_eps_0.0039.vnnlib,SAT,3.50,100,0.25,100,10000,0.001,8,48,0.5327136186270788,1.7388431636769903,,2026-05-06T01:51:49.825241+00:00
cifar100_2024,CIFAR100_resnet_large.onnx+CIFAR100_resnet_large_prop_idx_5546_sidx_4338_eps_0.0039.vnnlib,UNKNOWN,3.46,100,0.25,100,10000,0.001,-1,71,0.0,1.7388431636769903,,2026-05-06T01:51:57.942210+00:00
cifar100_2024,CIFAR100_resnet_large.onnx+CIFAR100_resnet_large_prop_idx_9845_sidx_200_eps_0.0039.vnnlib,SAT,3.81,100,0.25,100,10000,0.001,51,91,0.7525390365960288,1.7388431636769903,,2026-05-06T01:52:06.458398+00:00
cifar100_2024,CIFAR100_resnet_large.onnx+CIFAR100_resnet_large_prop_idx_8012_sidx_5910_eps_0.0039.vnnlib,UNKNOWN,3.51,100,0.25,100,10000,0.001,88,88,0.3780211820566566,1.7388431636769903,,2026-05-06T01:52:14.745278+00:00
cifar100_2024,CIFAR100_resnet_large.onnx+CIFAR100_resnet_large_prop_idx_7884_sidx_6926_eps_0.0039.vnnlib,UNKNOWN,3.50,100,0.25,100,10000,0.001,47,47,0.7996443786845846,1.7388431636769903,,2026-05-06T01:52:22.960417+00:00
cifar100_2024,CIFAR100_resnet_large.onnx+CIFAR100_resnet_large_prop_idx_8381_sidx_4474_eps_0.0039.vnnlib,UNKNOWN,3.49,100,0.25,100,10000,0.001,88,88,0.7996443786845846,1.7388431636769903,,2026-05-06T01:52:31.180893+00:00
cifar100_2024,CIFAR100_resnet_large.onnx+CIFAR100_resnet_large_prop_idx_483_sidx_7371_eps_0.0039.vnnlib,UNKNOWN,3.47,100,0.25,100,10000,0.001,94,94,0.15289391738146757,1.7388431636769903,,2026-05-06T01:52:39.380078+00:00
cifar100_2024,CIFAR100_resnet_large.onnx+CIFAR100_resnet_large_prop_idx_7640_sidx_9025_eps_0.0039.vnnlib,UNKNOWN,3.51,100,0.25,100,10000,0.001,-1,89,0.0,1.7388431636769903,,2026-05-06T01:52:47.489437+00:00
cifar100_2024,CIFAR100_resnet_large.onnx+CIFAR100_resnet_large_prop_idx_5230_sidx_242_eps_0.0039.vnnlib,SAT,3.50,100,0.25,100,10000,0.001,88,29,0.25172349321945586,1.7388431636769903,,2026-05-06T01:52:55.615794+00:00
cifar100_2024,CIFAR100_resnet_large.onnx+CIFAR100_resnet_large_prop_idx_9476_sidx_5602_eps_0.0039.vnnlib,UNKNOWN,3.57,100,0.25,100,10000,0.001,59,59,0.41580711297441725,1.7388431636769903,,2026-05-06T01:53:03.790721+00:00
cifar100_2024,CIFAR100_resnet_large.onnx+CIFAR100_resnet_large_prop_idx_7866_sidx_7980_eps_0.0039.vnnlib,UNKNOWN,3.51,100,0.25,100,10000,0.001,78,78,0.7996443786845846,1.7388431636769903,,2026-05-06T01:53:11.968301+00:00
cifar100_2024,CIFAR100_resnet_large.onnx+CIFAR100_resnet_large_prop_idx_7436_sidx_5742_eps_0.0039.vnnlib,UNKNOWN,3.47,100,0.25,100,10000,0.001,78,78,0.7996443786845846,1.7388431636769903,,2026-05-06T01:53:20.042552+00:00
cifar100_2024,CIFAR100_resnet_large.onnx+CIFAR100_resnet_large_prop_idx_2624_sidx_917_eps_0.0039.vnnlib,SAT,3.51,100,0.25,100,10000,0.001,83,18,0.14634358080917573,1.7388431636769903,,2026-05-06T01:53:28.279917+00:00
cifar100_2024,CIFAR100_resnet_large.onnx+CIFAR100_resnet_large_prop_idx_1241_sidx_5679_eps_0.0039.vnnlib,SAT,3.50,100,0.25,100,10000,0.001,48,86,0.7996443786845846,1.7388431636769903,,2026-05-06T01:53:36.462130+00:00
cifar100_2024,CIFAR100_resnet_large.onnx+CIFAR100_resnet_large_prop_idx_3812_sidx_8477_eps_0.0039.vnnlib,UNKNOWN,3.51,100,0.25,100,10000,0.001,-1,10,0.0,1.7388431636769903,,2026-05-06T01:53:44.587412+00:00
cifar100_2024,CIFAR100_resnet_large.onnx+CIFAR100_resnet_large_prop_idx_9372_sidx_3515_eps_0.0039.vnnlib,UNKNOWN,3.46,100,0.25,100,10000,0.001,51,51,0.7996443786845846,1.7388431636769903,,2026-05-06T01:53:52.672651+00:00
cifar100_2024,CIFAR100_resnet_large.onnx+CIFAR100_resnet_large_prop_idx_1590_sidx_2858_eps_0.0039.vnnlib,SAT,3.47,100,0.25,100,10000,0.001,88,21,0.2680363220142254,1.7388431636769903,,2026-05-06T01:54:00.864132+00:00
cifar100_2024,CIFAR100_resnet_large.onnx+CIFAR100_resnet_large_prop_idx_6337_sidx_2381_eps_0.0039.vnnlib,UNKNOWN,3.48,100,0.25,100,10000,0.001,52,52,0.608544239465263,1.7388431636769903,,2026-05-06T01:54:09.036758+00:00
cifar100_2024,CIFAR100_resnet_large.onnx+CIFAR100_resnet_large_prop_idx_6757_sidx_2400_eps_0.0039.vnnlib,UNKNOWN,3.50,100,0.25,100,10000,0.001,-1,36,0.0,1.7388431636769903,,2026-05-06T01:54:17.136141+00:00
