benchmark,instance,verdict,wall_s,timeout_s,m,ell,epsilon,pca_components,training_samples,coverage,confidence,cex_x,cex_y,error,timestamp
vit_2023,pgd_2_3_16.onnx+pgd_2_3_16_2446.vnnlib,UNSAT,16.3,100,2500,2499,0.001,32,1250,0.9990,0.7129,,,,2026-05-05T16:31:35.989241+00:00
vit_2023,pgd_2_3_16.onnx+pgd_2_3_16_4509.vnnlib,UNSAT,15.7,100,2500,2499,0.001,32,1250,0.9990,0.7129,,,,2026-05-05T16:31:56.608218+00:00
vit_2023,pgd_2_3_16.onnx+pgd_2_3_16_6246.vnnlib,UNSAT,14.9,100,2500,2499,0.001,32,1250,0.9990,0.7129,,,,2026-05-05T16:32:16.558267+00:00
vit_2023,pgd_2_3_16.onnx+pgd_2_3_16_2043.vnnlib,UNSAT,15.6,100,2500,2499,0.001,32,1250,0.9990,0.7129,,,,2026-05-05T16:32:37.130201+00:00
vit_2023,pgd_2_3_16.onnx+pgd_2_3_16_2203.vnnlib,UNSAT,16.0,100,2500,2499,0.001,32,1250,0.9990,0.7129,,,,2026-05-05T16:32:57.967279+00:00
vit_2023,pgd_2_3_16.onnx+pgd_2_3_16_3695.vnnlib,UNSAT,16.4,100,2500,2499,0.001,32,1250,0.9990,0.7129,,,,2026-05-05T16:33:19.318623+00:00
vit_2023,pgd_2_3_16.onnx+pgd_2_3_16_8808.vnnlib,UNSAT,16.6,100,2500,2499,0.001,32,1250,0.9990,0.7129,,,,2026-05-05T16:33:40.876248+00:00
vit_2023,pgd_2_3_16.onnx+pgd_2_3_16_747.vnnlib,UNSAT,16.5,100,2500,2499,0.001,32,1250,0.9990,0.7129,,,,2026-05-05T16:34:02.224117+00:00
vit_2023,pgd_2_3_16.onnx+pgd_2_3_16_2209.vnnlib,UNSAT,16.2,100,2500,2499,0.001,32,1250,0.9990,0.7129,,,,2026-05-05T16:34:23.375515+00:00
vit_2023,pgd_2_3_16.onnx+pgd_2_3_16_8776.vnnlib,UNSAT,15.6,100,2500,2499,0.001,32,1250,0.9990,0.7129,,,,2026-05-05T16:34:43.831786+00:00
vit_2023,pgd_2_3_16.onnx+pgd_2_3_16_3660.vnnlib,UNSAT,15.8,100,2500,2499,0.001,32,1250,0.9990,0.7129,,,,2026-05-05T16:35:04.462597+00:00
vit_2023,pgd_2_3_16.onnx+pgd_2_3_16_7086.vnnlib,UNSAT,16.4,100,2500,2499,0.001,32,1250,0.9990,0.7129,,,,2026-05-05T16:35:25.684092+00:00
vit_2023,pgd_2_3_16.onnx+pgd_2_3_16_1058.vnnlib,UNSAT,16.3,100,2500,2499,0.001,32,1250,0.9990,0.7129,,,,2026-05-05T16:35:46.916209+00:00
vit_2023,pgd_2_3_16.onnx+pgd_2_3_16_3034.vnnlib,UNSAT,16.0,100,2500,2499,0.001,32,1250,0.9990,0.7129,,,,2026-05-05T16:36:07.789328+00:00
vit_2023,pgd_2_3_16.onnx+pgd_2_3_16_2296.vnnlib,UNSAT,15.8,100,2500,2499,0.001,32,1250,0.9990,0.7129,,,,2026-05-05T16:36:28.470083+00:00
vit_2023,pgd_2_3_16.onnx+pgd_2_3_16_9655.vnnlib,UNSAT,15.8,100,2500,2499,0.001,32,1250,0.9990,0.7129,,,,2026-05-05T16:36:49.103289+00:00
vit_2023,pgd_2_3_16.onnx+pgd_2_3_16_1438.vnnlib,UNSAT,15.7,100,2500,2499,0.001,32,1250,0.9990,0.7129,,,,2026-05-05T16:37:09.608711+00:00
vit_2023,pgd_2_3_16.onnx+pgd_2_3_16_94.vnnlib,UNSAT,15.8,100,2500,2499,0.001,32,1250,0.9990,0.7129,,,,2026-05-05T16:37:30.240792+00:00
vit_2023,pgd_2_3_16.onnx+pgd_2_3_16_7664.vnnlib,UNSAT,15.7,100,2500,2499,0.001,32,1250,0.9990,0.7129,,,,2026-05-05T16:37:50.731031+00:00
vit_2023,pgd_2_3_16.onnx+pgd_2_3_16_5846.vnnlib,UNSAT,16.5,100,2500,2499,0.001,32,1250,0.9990,0.7129,,,,2026-05-05T16:38:12.040516+00:00
vit_2023,pgd_2_3_16.onnx+pgd_2_3_16_7144.vnnlib,UNSAT,16.3,100,2500,2499,0.001,32,1250,0.9990,0.7129,,,,2026-05-05T16:38:33.280547+00:00
vit_2023,pgd_2_3_16.onnx+pgd_2_3_16_6578.vnnlib,UNSAT,16.3,100,2500,2499,0.001,32,1250,0.9990,0.7129,,,,2026-05-05T16:38:54.595261+00:00
vit_2023,pgd_2_3_16.onnx+pgd_2_3_16_7154.vnnlib,UNSAT,16.3,100,2500,2499,0.001,32,1250,0.9990,0.7129,,,,2026-05-05T16:39:15.718486+00:00
vit_2023,pgd_2_3_16.onnx+pgd_2_3_16_3832.vnnlib,UNSAT,16.2,100,2500,2499,0.001,32,1250,0.9990,0.7129,,,,2026-05-05T16:39:36.767091+00:00
vit_2023,pgd_2_3_16.onnx+pgd_2_3_16_560.vnnlib,UNSAT,16.1,100,2500,2499,0.001,32,1250,0.9990,0.7129,,,,2026-05-05T16:39:57.900119+00:00
vit_2023,pgd_2_3_16.onnx+pgd_2_3_16_2593.vnnlib,UNSAT,15.8,100,2500,2499,0.001,32,1250,0.9990,0.7129,,,,2026-05-05T16:40:18.733447+00:00
vit_2023,pgd_2_3_16.onnx+pgd_2_3_16_988.vnnlib,UNSAT,15.6,100,2500,2499,0.001,32,1250,0.9990,0.7129,,,,2026-05-05T16:40:39.354220+00:00
vit_2023,pgd_2_3_16.onnx+pgd_2_3_16_7102.vnnlib,UNSAT,16.2,100,2500,2499,0.001,32,1250,0.9990,0.7129,,,,2026-05-05T16:41:00.568008+00:00
vit_2023,pgd_2_3_16.onnx+pgd_2_3_16_9306.vnnlib,UNSAT,16.1,100,2500,2499,0.001,32,1250,0.9990,0.7129,,,,2026-05-05T16:41:21.505467+00:00
vit_2023,pgd_2_3_16.onnx+pgd_2_3_16_2113.vnnlib,UNSAT,15.5,100,2500,2499,0.001,32,1250,0.9990,0.7129,,,,2026-05-05T16:41:41.823412+00:00
vit_2023,pgd_2_3_16.onnx+pgd_2_3_16_2640.vnnlib,UNSAT,16.2,100,2500,2499,0.001,32,1250,0.9990,0.7129,,,,2026-05-05T16:42:02.875023+00:00
vit_2023,pgd_2_3_16.onnx+pgd_2_3_16_570.vnnlib,UNSAT,15.2,100,2500,2499,0.001,32,1250,0.9990,0.7129,,,,2026-05-05T16:42:22.915277+00:00
vit_2023,pgd_2_3_16.onnx+pgd_2_3_16_535.vnnlib,UNSAT,16.2,100,2500,2499,0.001,32,1250,0.9990,0.7129,,,,2026-05-05T16:42:43.956245+00:00
vit_2023,pgd_2_3_16.onnx+pgd_2_3_16_1579.vnnlib,UNSAT,16.3,100,2500,2499,0.001,32,1250,0.9990,0.7129,,,,2026-05-05T16:43:05.054230+00:00
vit_2023,pgd_2_3_16.onnx+pgd_2_3_16_9785.vnnlib,UNSAT,16.2,100,2500,2499,0.001,32,1250,0.9990,0.7129,,,,2026-05-05T16:43:26.138991+00:00
vit_2023,pgd_2_3_16.onnx+pgd_2_3_16_6942.vnnlib,UNSAT,15.9,100,2500,2499,0.001,32,1250,0.9990,0.7129,,,,2026-05-05T16:43:46.982868+00:00
vit_2023,pgd_2_3_16.onnx+pgd_2_3_16_7363.vnnlib,UNSAT,15.8,100,2500,2499,0.001,32,1250,0.9990,0.7129,,,,2026-05-05T16:44:07.573154+00:00
vit_2023,pgd_2_3_16.onnx+pgd_2_3_16_9825.vnnlib,UNSAT,16.4,100,2500,2499,0.001,32,1250,0.9990,0.7129,,,,2026-05-05T16:44:28.871785+00:00
vit_2023,pgd_2_3_16.onnx+pgd_2_3_16_425.vnnlib,UNSAT,16.3,100,2500,2499,0.001,32,1250,0.9990,0.7129,,,,2026-05-05T16:44:50.084709+00:00
vit_2023,pgd_2_3_16.onnx+pgd_2_3_16_722.vnnlib,UNSAT,16.4,100,2500,2499,0.001,32,1250,0.9990,0.7129,,,,2026-05-05T16:45:11.418219+00:00
vit_2023,pgd_2_3_16.onnx+pgd_2_3_16_646.vnnlib,UNSAT,16.3,100,2500,2499,0.001,32,1250,0.9990,0.7129,,,,2026-05-05T16:45:32.578963+00:00
vit_2023,pgd_2_3_16.onnx+pgd_2_3_16_183.vnnlib,UNSAT,16.2,100,2500,2499,0.001,32,1250,0.9990,0.7129,,,,2026-05-05T16:45:53.609633+00:00
vit_2023,pgd_2_3_16.onnx+pgd_2_3_16_4380.vnnlib,UNSAT,16.3,100,2500,2499,0.001,32,1250,0.9990,0.7129,,,,2026-05-05T16:46:14.827033+00:00
vit_2023,pgd_2_3_16.onnx+pgd_2_3_16_374.vnnlib,UNSAT,16.4,100,2500,2499,0.001,32,1250,0.9990,0.7129,,,,2026-05-05T16:46:36.073509+00:00
vit_2023,pgd_2_3_16.onnx+pgd_2_3_16_1566.vnnlib,UNSAT,15.3,100,2500,2499,0.001,32,1250,0.9990,0.7129,,,,2026-05-05T16:46:56.226387+00:00
vit_2023,pgd_2_3_16.onnx+pgd_2_3_16_7869.vnnlib,UNSAT,15.4,100,2500,2499,0.001,32,1250,0.9990,0.7129,,,,2026-05-05T16:47:16.514354+00:00
vit_2023,pgd_2_3_16.onnx+pgd_2_3_16_953.vnnlib,UNSAT,16.0,100,2500,2499,0.001,32,1250,0.9990,0.7129,,,,2026-05-05T16:47:37.483907+00:00
vit_2023,pgd_2_3_16.onnx+pgd_2_3_16_6160.vnnlib,UNSAT,16.2,100,2500,2499,0.001,32,1250,0.9990,0.7129,,,,2026-05-05T16:47:58.683788+00:00
vit_2023,pgd_2_3_16.onnx+pgd_2_3_16_2218.vnnlib,UNSAT,15.3,100,2500,2499,0.001,32,1250,0.9990,0.7129,,,,2026-05-05T16:48:18.821396+00:00
vit_2023,pgd_2_3_16.onnx+pgd_2_3_16_4714.vnnlib,UNSAT,16.4,100,2500,2499,0.001,32,1250,0.9990,0.7129,,,,2026-05-05T16:48:40.064247+00:00
vit_2023,pgd_2_3_16.onnx+pgd_2_3_16_5704.vnnlib,UNSAT,15.6,100,2500,2499,0.001,32,1250,0.9990,0.7129,,,,2026-05-05T16:49:00.596396+00:00
vit_2023,pgd_2_3_16.onnx+pgd_2_3_16_5579.vnnlib,UNSAT,16.3,100,2500,2499,0.001,32,1250,0.9990,0.7129,,,,2026-05-05T16:49:21.715748+00:00
vit_2023,pgd_2_3_16.onnx+pgd_2_3_16_6805.vnnlib,UNSAT,16.2,100,2500,2499,0.001,32,1250,0.9990,0.7129,,,,2026-05-05T16:49:42.704074+00:00
vit_2023,pgd_2_3_16.onnx+pgd_2_3_16_8836.vnnlib,UNSAT,15.7,100,2500,2499,0.001,32,1250,0.9990,0.7129,,,,2026-05-05T16:50:03.350725+00:00
vit_2023,pgd_2_3_16.onnx+pgd_2_3_16_5030.vnnlib,UNSAT,15.8,100,2500,2499,0.001,32,1250,0.9990,0.7129,,,,2026-05-05T16:50:24.017920+00:00
vit_2023,pgd_2_3_16.onnx+pgd_2_3_16_8341.vnnlib,UNSAT,16.1,100,2500,2499,0.001,32,1250,0.9990,0.7129,,,,2026-05-05T16:50:45.062257+00:00
vit_2023,pgd_2_3_16.onnx+pgd_2_3_16_9835.vnnlib,UNSAT,15.6,100,2500,2499,0.001,32,1250,0.9990,0.7129,,,,2026-05-05T16:51:05.674606+00:00
vit_2023,pgd_2_3_16.onnx+pgd_2_3_16_8907.vnnlib,UNSAT,16.2,100,2500,2499,0.001,32,1250,0.9990,0.7129,,,,2026-05-05T16:51:26.768861+00:00
vit_2023,pgd_2_3_16.onnx+pgd_2_3_16_6427.vnnlib,UNSAT,15.6,100,2500,2499,0.001,32,1250,0.9990,0.7129,,,,2026-05-05T16:51:47.169497+00:00
vit_2023,pgd_2_3_16.onnx+pgd_2_3_16_5528.vnnlib,UNSAT,15.9,100,2500,2499,0.001,32,1250,0.9990,0.7129,,,,2026-05-05T16:52:07.886129+00:00
vit_2023,pgd_2_3_16.onnx+pgd_2_3_16_6628.vnnlib,UNSAT,15.5,100,2500,2499,0.001,32,1250,0.9990,0.7129,,,,2026-05-05T16:52:28.387209+00:00
vit_2023,pgd_2_3_16.onnx+pgd_2_3_16_7403.vnnlib,UNSAT,15.6,100,2500,2499,0.001,32,1250,0.9990,0.7129,,,,2026-05-05T16:52:48.946391+00:00
vit_2023,pgd_2_3_16.onnx+pgd_2_3_16_2896.vnnlib,UNSAT,15.7,100,2500,2499,0.001,32,1250,0.9990,0.7129,,,,2026-05-05T16:53:09.494380+00:00
vit_2023,pgd_2_3_16.onnx+pgd_2_3_16_6088.vnnlib,UNSAT,15.9,100,2500,2499,0.001,32,1250,0.9990,0.7129,,,,2026-05-05T16:53:30.194602+00:00
vit_2023,pgd_2_3_16.onnx+pgd_2_3_16_7065.vnnlib,UNSAT,16.4,100,2500,2499,0.001,32,1250,0.9990,0.7129,,,,2026-05-05T16:53:51.447051+00:00
vit_2023,pgd_2_3_16.onnx+pgd_2_3_16_2760.vnnlib,UNSAT,16.2,100,2500,2499,0.001,32,1250,0.9990,0.7129,,,,2026-05-05T16:54:12.560787+00:00
vit_2023,pgd_2_3_16.onnx+pgd_2_3_16_9016.vnnlib,UNSAT,15.6,100,2500,2499,0.001,32,1250,0.9990,0.7129,,,,2026-05-05T16:54:33.094318+00:00
vit_2023,pgd_2_3_16.onnx+pgd_2_3_16_3727.vnnlib,UNSAT,16.3,100,2500,2499,0.001,32,1250,0.9990,0.7129,,,,2026-05-05T16:54:54.190889+00:00
vit_2023,pgd_2_3_16.onnx+pgd_2_3_16_9276.vnnlib,UNSAT,15.9,100,2500,2499,0.001,32,1250,0.9990,0.7129,,,,2026-05-05T16:55:14.915571+00:00
vit_2023,pgd_2_3_16.onnx+pgd_2_3_16_4567.vnnlib,UNSAT,15.6,100,2500,2499,0.001,32,1250,0.9990,0.7129,,,,2026-05-05T16:55:35.385893+00:00
vit_2023,pgd_2_3_16.onnx+pgd_2_3_16_7724.vnnlib,UNSAT,16.9,100,2500,2499,0.001,32,1250,0.9990,0.7129,,,,2026-05-05T16:55:57.334680+00:00
vit_2023,pgd_2_3_16.onnx+pgd_2_3_16_1559.vnnlib,UNSAT,14.4,100,2500,2499,0.001,32,1250,0.9990,0.7129,,,,2026-05-05T16:56:16.680409+00:00
vit_2023,pgd_2_3_16.onnx+pgd_2_3_16_4350.vnnlib,UNSAT,16.3,100,2500,2499,0.001,32,1250,0.9990,0.7129,,,,2026-05-05T16:56:37.829836+00:00
vit_2023,pgd_2_3_16.onnx+pgd_2_3_16_4049.vnnlib,UNSAT,16.4,100,2500,2499,0.001,32,1250,0.9990,0.7129,,,,2026-05-05T16:56:59.025541+00:00
vit_2023,pgd_2_3_16.onnx+pgd_2_3_16_1792.vnnlib,UNSAT,15.9,100,2500,2499,0.001,32,1250,0.9990,0.7129,,,,2026-05-05T16:57:19.969360+00:00
vit_2023,pgd_2_3_16.onnx+pgd_2_3_16_6461.vnnlib,UNSAT,16.3,100,2500,2499,0.001,32,1250,0.9990,0.7129,,,,2026-05-05T16:57:41.078546+00:00
vit_2023,pgd_2_3_16.onnx+pgd_2_3_16_5201.vnnlib,UNSAT,15.6,100,2500,2499,0.001,32,1250,0.9990,0.7129,,,,2026-05-05T16:58:01.547091+00:00
vit_2023,pgd_2_3_16.onnx+pgd_2_3_16_2830.vnnlib,UNSAT,15.6,100,2500,2499,0.001,32,1250,0.9990,0.7129,,,,2026-05-05T16:58:21.961910+00:00
vit_2023,pgd_2_3_16.onnx+pgd_2_3_16_7796.vnnlib,UNSAT,15.7,100,2500,2499,0.001,32,1250,0.9990,0.7129,,,,2026-05-05T16:58:42.518076+00:00
vit_2023,pgd_2_3_16.onnx+pgd_2_3_16_9719.vnnlib,UNSAT,16.4,100,2500,2499,0.001,32,1250,0.9990,0.7129,,,,2026-05-05T16:59:03.753736+00:00
vit_2023,pgd_2_3_16.onnx+pgd_2_3_16_160.vnnlib,UNSAT,15.7,100,2500,2499,0.001,32,1250,0.9990,0.7129,,,,2026-05-05T16:59:24.284021+00:00
vit_2023,pgd_2_3_16.onnx+pgd_2_3_16_3543.vnnlib,UNSAT,16.3,100,2500,2499,0.001,32,1250,0.9990,0.7129,,,,2026-05-05T16:59:45.469040+00:00
vit_2023,pgd_2_3_16.onnx+pgd_2_3_16_6539.vnnlib,UNSAT,16.1,100,2500,2499,0.001,32,1250,0.9990,0.7129,,,,2026-05-05T17:00:06.430173+00:00
vit_2023,pgd_2_3_16.onnx+pgd_2_3_16_1197.vnnlib,UNSAT,16.2,100,2500,2499,0.001,32,1250,0.9990,0.7129,,,,2026-05-05T17:00:27.436971+00:00
vit_2023,pgd_2_3_16.onnx+pgd_2_3_16_9347.vnnlib,UNSAT,15.5,100,2500,2499,0.001,32,1250,0.9990,0.7129,,,,2026-05-05T17:00:47.807644+00:00
vit_2023,pgd_2_3_16.onnx+pgd_2_3_16_2351.vnnlib,UNSAT,15.7,100,2500,2499,0.001,32,1250,0.9990,0.7129,,,,2026-05-05T17:01:08.358815+00:00
vit_2023,pgd_2_3_16.onnx+pgd_2_3_16_7579.vnnlib,UNSAT,16.4,100,2500,2499,0.001,32,1250,0.9990,0.7129,,,,2026-05-05T17:01:29.631177+00:00
vit_2023,pgd_2_3_16.onnx+pgd_2_3_16_8751.vnnlib,UNSAT,15.4,100,2500,2499,0.001,32,1250,0.9990,0.7129,,,,2026-05-05T17:01:49.859211+00:00
vit_2023,pgd_2_3_16.onnx+pgd_2_3_16_7576.vnnlib,UNSAT,16.3,100,2500,2499,0.001,32,1250,0.9990,0.7129,,,,2026-05-05T17:02:10.979516+00:00
vit_2023,pgd_2_3_16.onnx+pgd_2_3_16_1087.vnnlib,UNSAT,16.0,100,2500,2499,0.001,32,1250,0.9990,0.7129,,,,2026-05-05T17:02:31.824707+00:00
vit_2023,pgd_2_3_16.onnx+pgd_2_3_16_6102.vnnlib,UNSAT,16.1,100,2500,2499,0.001,32,1250,0.9990,0.7129,,,,2026-05-05T17:02:52.778475+00:00
vit_2023,pgd_2_3_16.onnx+pgd_2_3_16_3155.vnnlib,UNSAT,15.4,100,2500,2499,0.001,32,1250,0.9990,0.7129,,,,2026-05-05T17:03:12.941490+00:00
vit_2023,pgd_2_3_16.onnx+pgd_2_3_16_7209.vnnlib,UNSAT,16.3,100,2500,2499,0.001,32,1250,0.9990,0.7129,,,,2026-05-05T17:03:34.116811+00:00
vit_2023,pgd_2_3_16.onnx+pgd_2_3_16_4817.vnnlib,UNSAT,16.2,100,2500,2499,0.001,32,1250,0.9990,0.7129,,,,2026-05-05T17:03:55.141357+00:00
vit_2023,pgd_2_3_16.onnx+pgd_2_3_16_9466.vnnlib,UNSAT,16.3,100,2500,2499,0.001,32,1250,0.9990,0.7129,,,,2026-05-05T17:04:16.399940+00:00
vit_2023,pgd_2_3_16.onnx+pgd_2_3_16_285.vnnlib,UNSAT,15.8,100,2500,2499,0.001,32,1250,0.9990,0.7129,,,,2026-05-05T17:04:37.121958+00:00
vit_2023,pgd_2_3_16.onnx+pgd_2_3_16_1949.vnnlib,UNSAT,16.1,100,2500,2499,0.001,32,1250,0.9990,0.7129,,,,2026-05-05T17:04:58.101551+00:00
vit_2023,pgd_2_3_16.onnx+pgd_2_3_16_3689.vnnlib,UNSAT,13.8,100,2500,2499,0.001,32,1250,0.9990,0.7129,,,,2026-05-05T17:05:16.883317+00:00
vit_2023,pgd_2_3_16.onnx+pgd_2_3_16_3313.vnnlib,UNSAT,16.3,100,2500,2499,0.001,32,1250,0.9990,0.7129,,,,2026-05-05T17:05:38.097958+00:00
vit_2023,pgd_2_3_16.onnx+pgd_2_3_16_8164.vnnlib,UNSAT,15.6,100,2500,2499,0.001,32,1250,0.9990,0.7129,,,,2026-05-05T17:05:58.492681+00:00
vit_2023,ibp_3_3_8.onnx+ibp_3_3_8_3031.vnnlib,UNSAT,16.8,100,2500,2499,0.001,32,1250,0.9990,0.7129,,,,2026-05-05T17:06:20.160319+00:00
vit_2023,ibp_3_3_8.onnx+ibp_3_3_8_746.vnnlib,UNSAT,16.6,100,2500,2499,0.001,32,1250,0.9990,0.7129,,,,2026-05-05T17:06:41.671885+00:00
vit_2023,ibp_3_3_8.onnx+ibp_3_3_8_1151.vnnlib,UNSAT,16.7,100,2500,2499,0.001,32,1250,0.9990,0.7129,,,,2026-05-05T17:07:03.251126+00:00
vit_2023,ibp_3_3_8.onnx+ibp_3_3_8_8369.vnnlib,UNSAT,16.5,100,2500,2499,0.001,32,1250,0.9990,0.7129,,,,2026-05-05T17:07:24.674348+00:00
vit_2023,ibp_3_3_8.onnx+ibp_3_3_8_7011.vnnlib,UNSAT,16.0,100,2500,2499,0.001,32,1250,0.9990,0.7129,,,,2026-05-05T17:07:45.555151+00:00
vit_2023,ibp_3_3_8.onnx+ibp_3_3_8_477.vnnlib,UNSAT,16.4,100,2500,2499,0.001,32,1250,0.9990,0.7129,,,,2026-05-05T17:08:06.914064+00:00
vit_2023,ibp_3_3_8.onnx+ibp_3_3_8_4846.vnnlib,UNSAT,16.1,100,2500,2499,0.001,32,1250,0.9990,0.7129,,,,2026-05-05T17:08:27.895281+00:00
vit_2023,ibp_3_3_8.onnx+ibp_3_3_8_6263.vnnlib,UNSAT,16.7,100,2500,2499,0.001,32,1250,0.9990,0.7129,,,,2026-05-05T17:08:49.439822+00:00
vit_2023,ibp_3_3_8.onnx+ibp_3_3_8_2738.vnnlib,UNSAT,15.9,100,2500,2499,0.001,32,1250,0.9990,0.7129,,,,2026-05-05T17:09:10.280048+00:00
vit_2023,ibp_3_3_8.onnx+ibp_3_3_8_3683.vnnlib,UNSAT,16.6,100,2500,2499,0.001,32,1250,0.9990,0.7129,,,,2026-05-05T17:09:31.840063+00:00
vit_2023,ibp_3_3_8.onnx+ibp_3_3_8_8325.vnnlib,UNSAT,16.8,100,2500,2499,0.001,32,1250,0.9990,0.7129,,,,2026-05-05T17:09:53.517138+00:00
vit_2023,ibp_3_3_8.onnx+ibp_3_3_8_8740.vnnlib,UNSAT,16.1,100,2500,2499,0.001,32,1250,0.9990,0.7129,,,,2026-05-05T17:10:14.556576+00:00
vit_2023,ibp_3_3_8.onnx+ibp_3_3_8_3005.vnnlib,UNSAT,16.8,100,2500,2499,0.001,32,1250,0.9990,0.7129,,,,2026-05-05T17:10:36.304726+00:00
vit_2023,ibp_3_3_8.onnx+ibp_3_3_8_5899.vnnlib,UNSAT,17.0,100,2500,2499,0.001,32,1250,0.9990,0.7129,,,,2026-05-05T17:10:58.322219+00:00
vit_2023,ibp_3_3_8.onnx+ibp_3_3_8_8481.vnnlib,UNSAT,15.7,100,2500,2499,0.001,32,1250,0.9990,0.7129,,,,2026-05-05T17:11:19.116175+00:00
vit_2023,ibp_3_3_8.onnx+ibp_3_3_8_4493.vnnlib,UNSAT,16.3,100,2500,2499,0.001,32,1250,0.9990,0.7129,,,,2026-05-05T17:11:40.339340+00:00
vit_2023,ibp_3_3_8.onnx+ibp_3_3_8_5535.vnnlib,UNSAT,16.7,100,2500,2499,0.001,32,1250,0.9990,0.7129,,,,2026-05-05T17:12:01.956970+00:00
vit_2023,ibp_3_3_8.onnx+ibp_3_3_8_9794.vnnlib,UNSAT,16.7,100,2500,2499,0.001,32,1250,0.9990,0.7129,,,,2026-05-05T17:12:23.562809+00:00
vit_2023,ibp_3_3_8.onnx+ibp_3_3_8_5600.vnnlib,UNSAT,16.7,100,2500,2499,0.001,32,1250,0.9990,0.7129,,,,2026-05-05T17:12:45.143699+00:00
vit_2023,ibp_3_3_8.onnx+ibp_3_3_8_3949.vnnlib,UNSAT,16.6,100,2500,2499,0.001,32,1250,0.9990,0.7129,,,,2026-05-05T17:13:06.721536+00:00
vit_2023,ibp_3_3_8.onnx+ibp_3_3_8_1648.vnnlib,UNSAT,16.7,100,2500,2499,0.001,32,1250,0.9990,0.7129,,,,2026-05-05T17:13:28.402264+00:00
vit_2023,ibp_3_3_8.onnx+ibp_3_3_8_2759.vnnlib,UNSAT,16.3,100,2500,2499,0.001,32,1250,0.9990,0.7129,,,,2026-05-05T17:13:49.665979+00:00
vit_2023,ibp_3_3_8.onnx+ibp_3_3_8_1767.vnnlib,UNSAT,16.1,100,2500,2499,0.001,32,1250,0.9990,0.7129,,,,2026-05-05T17:14:10.595691+00:00
vit_2023,ibp_3_3_8.onnx+ibp_3_3_8_260.vnnlib,UNSAT,16.8,100,2500,2499,0.001,32,1250,0.9990,0.7129,,,,2026-05-05T17:14:32.380392+00:00
vit_2023,ibp_3_3_8.onnx+ibp_3_3_8_9708.vnnlib,UNSAT,16.1,100,2500,2499,0.001,32,1250,0.9990,0.7129,,,,2026-05-05T17:14:53.375963+00:00
vit_2023,ibp_3_3_8.onnx+ibp_3_3_8_2303.vnnlib,UNSAT,16.7,100,2500,2499,0.001,32,1250,0.9990,0.7129,,,,2026-05-05T17:15:14.969072+00:00
vit_2023,ibp_3_3_8.onnx+ibp_3_3_8_7671.vnnlib,UNSAT,16.9,100,2500,2499,0.001,32,1250,0.9990,0.7129,,,,2026-05-05T17:15:36.729710+00:00
vit_2023,ibp_3_3_8.onnx+ibp_3_3_8_1796.vnnlib,UNSAT,15.9,100,2500,2499,0.001,32,1250,0.9990,0.7129,,,,2026-05-05T17:15:57.613445+00:00
vit_2023,ibp_3_3_8.onnx+ibp_3_3_8_467.vnnlib,UNSAT,16.9,100,2500,2499,0.001,32,1250,0.9990,0.7129,,,,2026-05-05T17:16:19.371177+00:00
vit_2023,ibp_3_3_8.onnx+ibp_3_3_8_2949.vnnlib,UNSAT,16.3,100,2500,2499,0.001,32,1250,0.9990,0.7129,,,,2026-05-05T17:16:40.520812+00:00
vit_2023,ibp_3_3_8.onnx+ibp_3_3_8_6300.vnnlib,UNSAT,16.6,100,2500,2499,0.001,32,1250,0.9990,0.7129,,,,2026-05-05T17:17:02.099897+00:00
vit_2023,ibp_3_3_8.onnx+ibp_3_3_8_9175.vnnlib,UNSAT,16.4,100,2500,2499,0.001,32,1250,0.9990,0.7129,,,,2026-05-05T17:17:23.566450+00:00
vit_2023,ibp_3_3_8.onnx+ibp_3_3_8_6902.vnnlib,UNSAT,16.7,100,2500,2499,0.001,32,1250,0.9990,0.7129,,,,2026-05-05T17:17:45.091829+00:00
vit_2023,ibp_3_3_8.onnx+ibp_3_3_8_7116.vnnlib,UNSAT,16.8,100,2500,2499,0.001,32,1250,0.9990,0.7129,,,,2026-05-05T17:18:06.737685+00:00
vit_2023,ibp_3_3_8.onnx+ibp_3_3_8_9432.vnnlib,UNSAT,16.5,100,2500,2499,0.001,32,1250,0.9990,0.7129,,,,2026-05-05T17:18:28.227998+00:00
vit_2023,ibp_3_3_8.onnx+ibp_3_3_8_7322.vnnlib,UNSAT,16.6,100,2500,2499,0.001,32,1250,0.9990,0.7129,,,,2026-05-05T17:18:49.748729+00:00
vit_2023,ibp_3_3_8.onnx+ibp_3_3_8_1264.vnnlib,UNSAT,16.0,100,2500,2499,0.001,32,1250,0.9990,0.7129,,,,2026-05-05T17:19:10.687350+00:00
vit_2023,ibp_3_3_8.onnx+ibp_3_3_8_8918.vnnlib,UNSAT,16.8,100,2500,2499,0.001,32,1250,0.9990,0.7129,,,,2026-05-05T17:19:32.348172+00:00
vit_2023,ibp_3_3_8.onnx+ibp_3_3_8_6091.vnnlib,UNSAT,17.0,100,2500,2499,0.001,32,1250,0.9990,0.7129,,,,2026-05-05T17:19:54.241286+00:00
vit_2023,ibp_3_3_8.onnx+ibp_3_3_8_4027.vnnlib,UNSAT,16.2,100,2500,2499,0.001,32,1250,0.9990,0.7129,,,,2026-05-05T17:20:15.452068+00:00
vit_2023,ibp_3_3_8.onnx+ibp_3_3_8_1028.vnnlib,UNSAT,16.6,100,2500,2499,0.001,32,1250,0.9990,0.7129,,,,2026-05-05T17:20:36.916360+00:00
vit_2023,ibp_3_3_8.onnx+ibp_3_3_8_7926.vnnlib,UNSAT,16.8,100,2500,2499,0.001,32,1250,0.9990,0.7129,,,,2026-05-05T17:20:58.661895+00:00
vit_2023,ibp_3_3_8.onnx+ibp_3_3_8_2157.vnnlib,UNSAT,15.9,100,2500,2499,0.001,32,1250,0.9990,0.7129,,,,2026-05-05T17:21:19.622121+00:00
vit_2023,ibp_3_3_8.onnx+ibp_3_3_8_9128.vnnlib,UNSAT,16.1,100,2500,2499,0.001,32,1250,0.9990,0.7129,,,,2026-05-05T17:21:40.618382+00:00
vit_2023,ibp_3_3_8.onnx+ibp_3_3_8_9687.vnnlib,UNSAT,16.2,100,2500,2499,0.001,32,1250,0.9990,0.7129,,,,2026-05-05T17:22:01.733869+00:00
vit_2023,ibp_3_3_8.onnx+ibp_3_3_8_4861.vnnlib,UNSAT,16.3,100,2500,2499,0.001,32,1250,0.9990,0.7129,,,,2026-05-05T17:22:22.943431+00:00
vit_2023,ibp_3_3_8.onnx+ibp_3_3_8_9895.vnnlib,UNSAT,16.1,100,2500,2499,0.001,32,1250,0.9990,0.7129,,,,2026-05-05T17:22:43.995265+00:00
vit_2023,ibp_3_3_8.onnx+ibp_3_3_8_8386.vnnlib,UNSAT,16.7,100,2500,2499,0.001,32,1250,0.9990,0.7129,,,,2026-05-05T17:23:05.666679+00:00
vit_2023,ibp_3_3_8.onnx+ibp_3_3_8_440.vnnlib,UNSAT,16.5,100,2500,2499,0.001,32,1250,0.9990,0.7129,,,,2026-05-05T17:23:27.098023+00:00
vit_2023,ibp_3_3_8.onnx+ibp_3_3_8_8783.vnnlib,UNSAT,16.7,100,2500,2499,0.001,32,1250,0.9990,0.7129,,,,2026-05-05T17:23:48.707416+00:00
vit_2023,ibp_3_3_8.onnx+ibp_3_3_8_9965.vnnlib,UNSAT,16.2,100,2500,2499,0.001,32,1250,0.9990,0.7129,,,,2026-05-05T17:24:09.863753+00:00
vit_2023,ibp_3_3_8.onnx+ibp_3_3_8_3895.vnnlib,UNSAT,16.1,100,2500,2499,0.001,32,1250,0.9990,0.7129,,,,2026-05-05T17:24:30.908003+00:00
vit_2023,ibp_3_3_8.onnx+ibp_3_3_8_8146.vnnlib,UNSAT,16.2,100,2500,2499,0.001,32,1250,0.9990,0.7129,,,,2026-05-05T17:24:51.963240+00:00
vit_2023,ibp_3_3_8.onnx+ibp_3_3_8_8137.vnnlib,UNSAT,16.6,100,2500,2499,0.001,32,1250,0.9990,0.7129,,,,2026-05-05T17:25:13.681381+00:00
vit_2023,ibp_3_3_8.onnx+ibp_3_3_8_5532.vnnlib,UNSAT,16.5,100,2500,2499,0.001,32,1250,0.9990,0.7129,,,,2026-05-05T17:25:35.090478+00:00
vit_2023,ibp_3_3_8.onnx+ibp_3_3_8_9430.vnnlib,UNSAT,16.0,100,2500,2499,0.001,32,1250,0.9990,0.7129,,,,2026-05-05T17:25:55.881650+00:00
vit_2023,ibp_3_3_8.onnx+ibp_3_3_8_2383.vnnlib,UNSAT,16.8,100,2500,2499,0.001,32,1250,0.9990,0.7129,,,,2026-05-05T17:26:17.514043+00:00
vit_2023,ibp_3_3_8.onnx+ibp_3_3_8_6438.vnnlib,UNSAT,16.8,100,2500,2499,0.001,32,1250,0.9990,0.7129,,,,2026-05-05T17:26:39.141239+00:00
vit_2023,ibp_3_3_8.onnx+ibp_3_3_8_4703.vnnlib,UNSAT,16.2,100,2500,2499,0.001,32,1250,0.9990,0.7129,,,,2026-05-05T17:27:00.211216+00:00
vit_2023,ibp_3_3_8.onnx+ibp_3_3_8_5402.vnnlib,UNSAT,16.2,100,2500,2499,0.001,32,1250,0.9990,0.7129,,,,2026-05-05T17:27:21.282110+00:00
vit_2023,ibp_3_3_8.onnx+ibp_3_3_8_7364.vnnlib,UNSAT,16.0,100,2500,2499,0.001,32,1250,0.9990,0.7129,,,,2026-05-05T17:27:42.382807+00:00
vit_2023,ibp_3_3_8.onnx+ibp_3_3_8_7227.vnnlib,UNSAT,16.1,100,2500,2499,0.001,32,1250,0.9990,0.7129,,,,2026-05-05T17:28:03.475162+00:00
vit_2023,ibp_3_3_8.onnx+ibp_3_3_8_4603.vnnlib,UNSAT,15.9,100,2500,2499,0.001,32,1250,0.9990,0.7129,,,,2026-05-05T17:28:24.198373+00:00
vit_2023,ibp_3_3_8.onnx+ibp_3_3_8_8792.vnnlib,UNSAT,16.1,100,2500,2499,0.001,32,1250,0.9990,0.7129,,,,2026-05-05T17:28:45.201441+00:00
vit_2023,ibp_3_3_8.onnx+ibp_3_3_8_6025.vnnlib,UNSAT,16.7,100,2500,2499,0.001,32,1250,0.9990,0.7129,,,,2026-05-05T17:29:06.805436+00:00
vit_2023,ibp_3_3_8.onnx+ibp_3_3_8_236.vnnlib,UNSAT,16.9,100,2500,2499,0.001,32,1250,0.9990,0.7129,,,,2026-05-05T17:29:28.587861+00:00
vit_2023,ibp_3_3_8.onnx+ibp_3_3_8_7157.vnnlib,UNSAT,16.5,100,2500,2499,0.001,32,1250,0.9990,0.7129,,,,2026-05-05T17:29:50.055073+00:00
vit_2023,ibp_3_3_8.onnx+ibp_3_3_8_6401.vnnlib,UNSAT,16.4,100,2500,2499,0.001,32,1250,0.9990,0.7129,,,,2026-05-05T17:30:11.320913+00:00
vit_2023,ibp_3_3_8.onnx+ibp_3_3_8_3850.vnnlib,UNSAT,16.2,100,2500,2499,0.001,32,1250,0.9990,0.7129,,,,2026-05-05T17:30:32.376267+00:00
vit_2023,ibp_3_3_8.onnx+ibp_3_3_8_4297.vnnlib,UNSAT,16.6,100,2500,2499,0.001,32,1250,0.9990,0.7129,,,,2026-05-05T17:30:53.874894+00:00
vit_2023,ibp_3_3_8.onnx+ibp_3_3_8_3158.vnnlib,UNSAT,16.7,100,2500,2499,0.001,32,1250,0.9990,0.7129,,,,2026-05-05T17:31:15.455894+00:00
vit_2023,ibp_3_3_8.onnx+ibp_3_3_8_2671.vnnlib,UNSAT,16.7,100,2500,2499,0.001,32,1250,0.9990,0.7129,,,,2026-05-05T17:31:37.054869+00:00
vit_2023,ibp_3_3_8.onnx+ibp_3_3_8_3193.vnnlib,UNSAT,15.6,100,2500,2499,0.001,32,1250,0.9990,0.7129,,,,2026-05-05T17:31:57.555227+00:00
vit_2023,ibp_3_3_8.onnx+ibp_3_3_8_2339.vnnlib,UNSAT,14.5,100,2500,2499,0.001,32,1250,0.9990,0.7129,,,,2026-05-05T17:32:16.930329+00:00
vit_2023,ibp_3_3_8.onnx+ibp_3_3_8_1656.vnnlib,UNSAT,16.7,100,2500,2499,0.001,32,1250,0.9990,0.7129,,,,2026-05-05T17:32:38.518593+00:00
vit_2023,ibp_3_3_8.onnx+ibp_3_3_8_4199.vnnlib,UNSAT,16.8,100,2500,2499,0.001,32,1250,0.9990,0.7129,,,,2026-05-05T17:33:00.240564+00:00
vit_2023,ibp_3_3_8.onnx+ibp_3_3_8_7682.vnnlib,UNSAT,15.9,100,2500,2499,0.001,32,1250,0.9990,0.7129,,,,2026-05-05T17:33:21.174471+00:00
vit_2023,ibp_3_3_8.onnx+ibp_3_3_8_2429.vnnlib,UNSAT,16.7,100,2500,2499,0.001,32,1250,0.9990,0.7129,,,,2026-05-05T17:33:42.787679+00:00
vit_2023,ibp_3_3_8.onnx+ibp_3_3_8_7305.vnnlib,UNSAT,16.7,100,2500,2499,0.001,32,1250,0.9990,0.7129,,,,2026-05-05T17:34:04.384941+00:00
vit_2023,ibp_3_3_8.onnx+ibp_3_3_8_6769.vnnlib,UNSAT,16.7,100,2500,2499,0.001,32,1250,0.9990,0.7129,,,,2026-05-05T17:34:26.094226+00:00
vit_2023,ibp_3_3_8.onnx+ibp_3_3_8_253.vnnlib,UNSAT,16.5,100,2500,2499,0.001,32,1250,0.9990,0.7129,,,,2026-05-05T17:34:47.521922+00:00
vit_2023,ibp_3_3_8.onnx+ibp_3_3_8_7132.vnnlib,UNSAT,16.1,100,2500,2499,0.001,32,1250,0.9990,0.7129,,,,2026-05-05T17:35:08.518574+00:00
vit_2023,ibp_3_3_8.onnx+ibp_3_3_8_4879.vnnlib,UNSAT,16.9,100,2500,2499,0.001,32,1250,0.9990,0.7129,,,,2026-05-05T17:35:30.332512+00:00
vit_2023,ibp_3_3_8.onnx+ibp_3_3_8_5753.vnnlib,UNSAT,16.6,100,2500,2499,0.001,32,1250,0.9990,0.7129,,,,2026-05-05T17:35:51.819235+00:00
vit_2023,ibp_3_3_8.onnx+ibp_3_3_8_9481.vnnlib,UNSAT,16.7,100,2500,2499,0.001,32,1250,0.9990,0.7129,,,,2026-05-05T17:36:13.454175+00:00
vit_2023,ibp_3_3_8.onnx+ibp_3_3_8_996.vnnlib,UNSAT,16.5,100,2500,2499,0.001,32,1250,0.9990,0.7129,,,,2026-05-05T17:36:34.876112+00:00
vit_2023,ibp_3_3_8.onnx+ibp_3_3_8_9059.vnnlib,UNSAT,16.6,100,2500,2499,0.001,32,1250,0.9990,0.7129,,,,2026-05-05T17:36:56.428564+00:00
vit_2023,ibp_3_3_8.onnx+ibp_3_3_8_3131.vnnlib,UNSAT,16.1,100,2500,2499,0.001,32,1250,0.9990,0.7129,,,,2026-05-05T17:37:17.487500+00:00
vit_2023,ibp_3_3_8.onnx+ibp_3_3_8_7624.vnnlib,UNSAT,16.6,100,2500,2499,0.001,32,1250,0.9990,0.7129,,,,2026-05-05T17:37:38.920555+00:00
vit_2023,ibp_3_3_8.onnx+ibp_3_3_8_6948.vnnlib,UNSAT,16.6,100,2500,2499,0.001,32,1250,0.9990,0.7129,,,,2026-05-05T17:38:00.453154+00:00
vit_2023,ibp_3_3_8.onnx+ibp_3_3_8_7689.vnnlib,UNSAT,16.5,100,2500,2499,0.001,32,1250,0.9990,0.7129,,,,2026-05-05T17:38:21.897062+00:00
vit_2023,ibp_3_3_8.onnx+ibp_3_3_8_8694.vnnlib,UNSAT,16.9,100,2500,2499,0.001,32,1250,0.9990,0.7129,,,,2026-05-05T17:38:43.742798+00:00
vit_2023,ibp_3_3_8.onnx+ibp_3_3_8_2851.vnnlib,UNSAT,16.7,100,2500,2499,0.001,32,1250,0.9990,0.7129,,,,2026-05-05T17:39:05.365450+00:00
vit_2023,ibp_3_3_8.onnx+ibp_3_3_8_8354.vnnlib,UNSAT,16.3,100,2500,2499,0.001,32,1250,0.9990,0.7129,,,,2026-05-05T17:39:26.596845+00:00
vit_2023,ibp_3_3_8.onnx+ibp_3_3_8_8900.vnnlib,UNSAT,16.8,100,2500,2499,0.001,32,1250,0.9990,0.7129,,,,2026-05-05T17:39:48.364307+00:00
vit_2023,ibp_3_3_8.onnx+ibp_3_3_8_3810.vnnlib,UNSAT,16.8,100,2500,2499,0.001,32,1250,0.9990,0.7129,,,,2026-05-05T17:40:10.023108+00:00
vit_2023,ibp_3_3_8.onnx+ibp_3_3_8_460.vnnlib,UNSAT,16.8,100,2500,2499,0.001,32,1250,0.9990,0.7129,,,,2026-05-05T17:40:31.672121+00:00
vit_2023,ibp_3_3_8.onnx+ibp_3_3_8_6239.vnnlib,UNSAT,16.6,100,2500,2499,0.001,32,1250,0.9990,0.7129,,,,2026-05-05T17:40:53.230251+00:00
vit_2023,ibp_3_3_8.onnx+ibp_3_3_8_4831.vnnlib,UNSAT,16.7,100,2500,2499,0.001,32,1250,0.9990,0.7129,,,,2026-05-05T17:41:14.863885+00:00
vit_2023,ibp_3_3_8.onnx+ibp_3_3_8_8370.vnnlib,UNSAT,16.2,100,2500,2499,0.001,32,1250,0.9990,0.7129,,,,2026-05-05T17:41:35.979199+00:00
