network,test_input_id,test_x0,test_x1,perturbation_radius,seed,output_dim,spec_type,spec_params,flow_volume,flow_coverage,flow_threshold,flow_delta_1,flow_verdict,flow_runtime,clip_volume,clip_coverage,clip_lb,clip_ub,clip_verdict,clip_runtime,exact_volume,exact_verdict,exact_n_stars,exact_time,exact_method,volume_ratio_clip_over_flow,volume_ratio_clip_over_exact,volume_ratio_flow_over_exact,flow_vs_exact,clip_vs_exact
RotatedBananaNet,0,0.20000000298023224,0.20000000298023224,0.05,5000,2,halfspace,"w=[1.0, 0.0],b=0.6",0.009389726923570874,0.9995999932289124,0.6817132830619812,0.9969902212511332,verified,11.93014645576477,0.006921562892559446,0.9995999932289124,"[0.14566153287887573, 0.07303044856854518]","[0.2544219195842743, 0.1366709256046192]",verified,27.11852526664734,0.0029212485533207655,verified,9,0.028037309646606445,exact,0.7371420861222665,2.3693851331791924,3.2142855194218187,match,match
RotatedBananaNet,0,0.20000000298023224,0.20000000298023224,0.05,5001,2,halfspace,"w=[1.0, 0.0],b=0.6",0.00982443679388667,0.9998000264167786,0.6895316243171692,0.9969902212511332,verified,10.077317476272583,0.007089683517495615,0.9998000264167786,"[0.1449526697397232, 0.07274852693080902]","[0.2549901753664017, 0.1371782273054123]",verified,27.188428163528442,0.0029212485533207655,verified,9,0.028037309646606445,exact,0.7216376537642569,2.426936081640958,3.3630951336607837,match,match
RotatedBananaNet,0,0.20000000298023224,0.20000000298023224,0.05,5002,2,halfspace,"w=[1.0, 0.0],b=0.6",0.009389726923570874,0.9994000196456909,0.6743273735046387,0.9969902212511332,verified,10.17821717262268,0.006970293828854224,0.9998000264167786,"[0.14551231265068054, 0.07298311597354151]","[0.25450676679611206, 0.13693401956312917]",verified,27.177120447158813,0.0029212485533207655,verified,9,0.028037309646606445,exact,0.742331900127661,2.386066677185225,3.2142855194218187,match,match
RotatedBananaNet,0,0.20000000298023224,0.20000000298023224,0.1,10000,2,halfspace,"w=[1.0, 0.0],b=0.6",0.028869611283566243,0.9998000264167786,1.036323070526123,0.9969902212511332,verified,10.196638345718384,0.027885703673549794,1.0,"[0.09316887805180295, 0.047376248985528946]","[0.3050385778216864, 0.17899348214268684]",verified,27.156060457229614,0.011679497547447681,verified,13,0.03351712226867676,exact,0.9659189172880713,2.3875773388593804,2.4718196280519886,match,match
RotatedBananaNet,0,0.20000000298023224,0.20000000298023224,0.1,10001,2,halfspace,"w=[1.0, 0.0],b=0.6",0.029621912994772792,0.9991999864578247,0.9942790269851685,0.9969902212511332,verified,10.604912519454956,0.028057946066539163,0.9995999932289124,"[0.09246931225061417, 0.04621804505586624]","[0.3055769205093384, 0.1778789758682251]",verified,27.229163885116577,0.011679497547447681,verified,13,0.03351712226867676,exact,0.9472023657449263,2.402324753488275,2.5362317920299633,match,match
RotatedBananaNet,0,0.20000000298023224,0.20000000298023224,0.1,10002,2,halfspace,"w=[1.0, 0.0],b=0.6",0.029904026410161322,0.9998000264167786,0.9637731909751892,0.9969902212511332,verified,10.39277696609497,0.028234002621040255,1.0,"[0.09254879504442215, 0.046056315302848816]","[0.305801123380661, 0.1784534752368927]",verified,27.203397274017334,0.011679497547447681,verified,13,0.03351712226867676,exact,0.9441538819483655,2.417398737089527,2.5603863769547384,match,match
RotatedBananaNet,0,0.20000000298023224,0.20000000298023224,0.2,20000,2,halfspace,"w=[1.0, 0.0],b=0.6",0.0984155228938377,1.0,1.4049701690673828,0.9969902212511332,verified,10.077120780944824,0.11359551363222925,1.0,"[-0.006705893203616142, -0.00705350935459137]","[0.4045236464589834, 0.2691803276538849]",verified,26.84282112121582,0.044665925204753876,verified,25,0.11940789222717285,exact,1.1542438661304115,2.54322535829033,2.203369177794691,match,match
RotatedBananaNet,0,0.20000000298023224,0.20000000298023224,0.2,20001,2,halfspace,"w=[1.0, 0.0],b=0.6",0.10424957451928307,1.0,1.4071050882339478,0.9969902212511332,verified,10.2107834815979,0.1131009356046174,1.0,"[-0.0033415994588116686, -0.005501285195350647]","[0.4030082366410474, 0.27283261716365814]",verified,27.01651930809021,0.044665925204753876,verified,25,0.11940789222717285,exact,1.0849054888343652,2.5321525320733724,2.333984442086237,match,match
RotatedBananaNet,0,0.20000000298023224,0.20000000298023224,0.2,20002,2,halfspace,"w=[1.0, 0.0],b=0.6",0.0971069510412077,1.0,1.3721970319747925,0.9969902212511332,verified,9.932870149612427,0.11248501404703903,1.0,"[-0.003937974572181702, -0.008269727230072021]","[0.40126220136880875, 0.2693338394165039]",verified,27.2703218460083,0.044665925204753876,verified,25,0.11940789222717285,exact,1.1583621238329849,2.518363014566349,2.1740723067093755,match,match
RotatedBananaNet,0,0.20000000298023224,0.20000000298023224,0.4,40000,2,halfspace,"w=[1.0, 0.0],b=0.6",0.37569859483379453,0.9994000196456909,1.7115992307662964,0.9969902212511332,unknown,10.4321448802948,0.501432345193491,1.0,"[-0.17952962219715118, -0.0949845165014267]","[0.6049838811159134, 0.544178918004036]",unknown,27.024802923202515,0.1644209921360016,falsified,60,0.4187612533569336,exact,1.3346665441091679,3.0496856799083716,2.284979490471835,conservative_unknown,conservative_unknown
RotatedBananaNet,0,0.20000000298023224,0.20000000298023224,0.4,40001,2,halfspace,"w=[1.0, 0.0],b=0.6",0.37438650297732856,0.9991999864578247,1.7139036655426025,0.9969902212511332,unknown,10.407591819763184,0.5016882695245205,1.0,"[-0.1824859082698822, -0.10146742948354408]","[0.6053836941719055, 0.5352981824523322]",unknown,27.05965757369995,0.1644209921360016,falsified,60,0.4187612533569336,exact,1.3400276600112928,3.0512421984994877,2.276999415425331,conservative_unknown,conservative_unknown
RotatedBananaNet,0,0.20000000298023224,0.20000000298023224,0.4,40002,2,halfspace,"w=[1.0, 0.0],b=0.6",0.3962548635171519,0.9998000264167786,1.7952711582183838,0.9969902212511332,unknown,10.383164167404175,0.49711692774852695,0.9998000264167786,"[-0.1780934621085706, -0.09461335092782974]","[0.6033828247775617, 0.5415120646357536]",unknown,27.16811728477478,0.1644209921360016,falsified,60,0.4187612533569336,exact,1.2545383628509312,3.023439533422438,2.4100016571447753,conservative_unknown,conservative_unknown
RotatedBananaNet,1,0.5,0.5,0.05,15000,2,halfspace,"w=[1.0, 0.0],b=0.6",0.015417355666000665,0.9995999932289124,0.8462165594100952,0.9969902212511332,verified,10.256067037582397,0.014088386197057545,1.0,"[0.44821834564208984, 0.33945342898368835]","[0.5513173937797546, 0.47610247135162354]",verified,26.041932582855225,0.002940054051578045,verified,2,0.0073528289794921875,exact,0.913800427405729,4.7918799960482845,5.243902117284392,match,match
RotatedBananaNet,1,0.5,0.5,0.05,15001,2,halfspace,"w=[1.0, 0.0],b=0.6",0.014162455460644319,0.9995999932289124,0.8558494448661804,0.9969902212511332,verified,10.187876462936401,0.013773643407843927,0.9998000264167786,"[0.44885575771331787, 0.34045955538749695]","[0.5507617890834808, 0.4756197929382324]",verified,26.11711096763611,0.002940054051578045,verified,2,0.0073528289794921875,exact,0.9725462823956728,4.684826593732541,4.817073159945056,match,match
RotatedBananaNet,1,0.5,0.5,0.05,15002,2,halfspace,"w=[1.0, 0.0],b=0.6",0.014117637223489465,0.9995999932289124,0.8122278451919556,0.9969902212511332,verified,9.971646070480347,0.014038341643747287,0.9998000264167786,"[0.448375940322876, 0.3396545648574829]","[0.5512121319770813, 0.4761662483215332]",verified,26.20044445991516,0.002940054051578045,verified,2,0.0073528289794921875,exact,0.9943832258552272,4.774858352081094,4.801829141852669,match,match
RotatedBananaNet,1,0.5,0.5,0.1,20000,2,halfspace,"w=[1.0, 0.0],b=0.6",0.0407233772818234,0.9998000264167786,1.1604058742523193,0.9969902212511332,falsified,10.465882539749146,0.055269140167288455,1.0,"[0.3969968259334564, 0.2743900716304779]","[0.6023259460926056, 0.5435634851455688]",unknown,26.299013137817383,0.011797802522778511,falsified,2,0.011281251907348633,exact,1.3571845916610028,4.684697854585887,3.4517764815267142,match,conservative_unknown
RotatedBananaNet,1,0.5,0.5,0.1,20001,2,halfspace,"w=[1.0, 0.0],b=0.6",0.04501530213308591,1.0,1.13335120677948,0.9969902212511332,falsified,10.553853511810303,0.05522725573746712,0.9998000264167786,"[0.39788952469825745, 0.27355340123176575]","[0.6014216840267181, 0.5448975265026093]",unknown,26.150917053222656,0.011797802522778511,falsified,2,0.011281251907348633,exact,1.2268551608115388,4.681147665494277,3.815566674062647,match,conservative_unknown
RotatedBananaNet,1,0.5,0.5,0.1,20002,2,halfspace,"w=[1.0, 0.0],b=0.6",0.041422063371266304,0.9998000264167786,1.1334264278411865,0.9969902212511332,falsified,10.934422254562378,0.05518075505768216,1.0,"[0.39798784255981445, 0.2723468840122223]","[0.601371705532074, 0.5436602234840393]",unknown,26.062673807144165,0.011797802522778511,falsified,2,0.011281251907348633,exact,1.3321585301798364,4.677206195911685,3.5109981957479786,match,conservative_unknown
RotatedBananaNet,1,0.5,0.5,0.2,30000,2,halfspace,"w=[1.0, 0.0],b=0.6",0.12740938945845137,0.9998000264167786,1.3980143070220947,0.9969902212511332,falsified,10.6992027759552,0.20632530404123628,1.0,"[0.2974886894226074, 0.17838633060455322]","[0.7031291127204895, 0.6870272159576416]",unknown,26.965426921844482,0.0480336993932724,falsified,11,0.029525279998779297,exact,1.619388531082473,4.295428139980703,2.6525000378441876,match,conservative_unknown
RotatedBananaNet,1,0.5,0.5,0.2,30001,2,halfspace,"w=[1.0, 0.0],b=0.6",0.12332652750262874,0.9995999932289124,1.387990117073059,0.9969902212511332,falsified,10.466955661773682,0.20611630297809214,0.9998000264167786,"[0.2982980012893677, 0.17868894338607788]","[0.7034023404121399, 0.687487006187439]",unknown,26.970716953277588,0.0480336993932724,falsified,11,0.029525279998779297,exact,1.6713054940568137,4.291077005968871,2.567500089737037,match,conservative_unknown
RotatedBananaNet,1,0.5,0.5,0.2,30002,2,halfspace,"w=[1.0, 0.0],b=0.6",0.1205645855528985,0.9998000264167786,1.3804423809051514,0.9969902212511332,falsified,10.56412935256958,0.2070717829067661,1.0,"[0.29753589630126953, 0.17845577001571655]","[0.7038393616676331, 0.6881038546562195]",unknown,27.100088596343994,0.0480336993932724,falsified,11,0.029525279998779297,exact,1.7175174779322904,4.310968872319848,2.510000001577742,match,conservative_unknown
RotatedBananaNet,1,0.5,0.5,0.4,50000,2,halfspace,"w=[1.0, 0.0],b=0.6",0.4496048061612612,1.0,1.7316973209381104,0.9969902212511332,unknown,10.205810070037842,0.8533381364484367,1.0,"[0.0865582674741745, 0.039321169257164]","[0.9093382358551025, 1.0764613151550293]",unknown,27.283148288726807,0.19132985174655914,falsified,36,0.18401241302490234,exact,1.8979737866555795,4.4600365737950405,2.3498936629963016,conservative_unknown,conservative_unknown
RotatedBananaNet,1,0.5,0.5,0.4,50001,2,halfspace,"w=[1.0, 0.0],b=0.6",0.48137450747402966,0.9998000264167786,1.8162015676498413,0.9969902212511332,falsified,10.332491636276245,0.8381109808613908,0.9991999864578247,"[0.09276584727616387, 0.05241171270608902]","[0.9049788023725025, 1.0842974707484245]",unknown,27.093655109405518,0.19132985174655914,falsified,36,0.18401241302490234,exact,1.7410788644776898,4.380450688748644,2.5159404195413884,match,conservative_unknown
RotatedBananaNet,1,0.5,0.5,0.4,50002,2,halfspace,"w=[1.0, 0.0],b=0.6",0.46095716285064725,0.9994000196456909,1.777799367904663,0.9969902212511332,unknown,10.47815227508545,0.8345338397024111,0.9998000264167786,"[0.09189891070127487, 0.050358422100543976]","[0.9048963785171509, 1.0768485069274902]",unknown,26.970256567001343,0.19132985174655914,falsified,36,0.18401241302490234,exact,1.8104368625958522,4.361754488828319,2.4092276173466334,conservative_unknown,conservative_unknown
RotatedBananaNet,2,0.800000011920929,0.800000011920929,0.05,25000,2,halfspace,"w=[1.0, 0.0],b=0.6",0.020233453923965916,0.9990000128746033,0.9316540956497192,0.9969902212511332,falsified,10.622842073440552,0.01983164727221265,0.9998000264167786,"[0.7503049969673157, 0.7894208431243896]","[0.8504970669746399, 0.9873571395874023]",unknown,26.511226654052734,0.0029866236727684736,falsified,2,0.0068552494049072266,exact,0.9801414699999718,6.640156057502066,6.774691471326336,match,conservative_unknown
RotatedBananaNet,2,0.800000011920929,0.800000011920929,0.05,25001,2,halfspace,"w=[1.0, 0.0],b=0.6",0.021109161746318827,0.9995999932289124,0.9240207672119141,0.9969902212511332,falsified,11.183223009109497,0.020171017447992767,1.0,"[0.7494727969169617, 0.7898977398872375]","[0.8513241410255432, 0.9879414439201355]",unknown,26.20106554031372,0.0029866236727684736,falsified,2,0.0068552494049072266,exact,0.955557482120783,6.753786100307405,7.067901436256792,match,conservative_unknown
RotatedBananaNet,2,0.800000011920929,0.800000011920929,0.05,25002,2,halfspace,"w=[1.0, 0.0],b=0.6",0.022307498992299335,1.0,0.9543480277061462,0.9969902212511332,falsified,11.800620555877686,0.019869517180595153,0.9995999932289124,"[0.7499665021896362, 0.7898659706115723]","[0.8509045839309692, 0.9867145419120789]",unknown,26.22268319129944,0.0029866236727684736,falsified,2,0.0068552494049072266,exact,0.890710213074725,6.652835896856383,7.46913620075248,match,conservative_unknown
RotatedBananaNet,2,0.800000011920929,0.800000011920929,0.1,30000,2,halfspace,"w=[1.0, 0.0],b=0.6",0.05803517523798263,0.9998000264167786,1.1806209087371826,0.9969902212511332,falsified,10.43344783782959,0.08074969009843613,1.0,"[0.6989767551422119, 0.6903299689292908]","[0.9019461870193481, 1.0881716012954712]",unknown,26.319323778152466,0.011754225939512253,falsified,2,0.008922338485717773,exact,1.3913921990811429,6.869843281384711,4.937388096556431,match,conservative_unknown
RotatedBananaNet,2,0.800000011920929,0.800000011920929,0.1,30001,2,halfspace,"w=[1.0, 0.0],b=0.6",0.057719764282229136,0.9998000264167786,1.1793444156646729,0.9969902212511332,falsified,10.762667894363403,0.07945834601637358,0.9998000264167786,"[0.7000206112861633, 0.6908499002456665]","[0.9009444117546082, 1.0863149762153625]",unknown,26.111602783203125,0.011754225939512253,falsified,2,0.008922338485717773,exact,1.3766228432231724,6.75998116977414,4.910554261867817,match,conservative_unknown
RotatedBananaNet,2,0.800000011920929,0.800000011920929,0.1,30002,2,halfspace,"w=[1.0, 0.0],b=0.6",0.05661583328076958,0.9995999932289124,1.1865663528442383,0.9969902212511332,falsified,10.571107864379883,0.0797200848421653,0.9998000264167786,"[0.6996157169342041, 0.691281795501709]","[0.9012153148651123, 1.0867195129394531]",unknown,26.101935625076294,0.011754225939512253,falsified,2,0.008922338485717773,exact,1.4080881658460627,6.782248805868481,4.81663646522681,match,conservative_unknown
RotatedBananaNet,2,0.800000011920929,0.800000011920929,0.2,40000,2,halfspace,"w=[1.0, 0.0],b=0.6",0.15210923342905414,0.9994000196456909,1.396831750869751,0.9969902212511332,falsified,10.667401313781738,0.29955890095017423,1.0,"[0.596808910369873, 0.5482454299926758]","[1.0035802125930786, 1.284676194190979]",unknown,26.191845655441284,0.046103209257125854,falsified,6,0.01714301109313965,exact,1.9693669752789378,6.497571552545954,3.299319849529643,match,conservative_unknown
RotatedBananaNet,2,0.800000011920929,0.800000011920929,0.2,40001,2,halfspace,"w=[1.0, 0.0],b=0.6",0.15478813222291166,0.9995999932289124,1.419034481048584,0.9969902212511332,falsified,10.259472131729126,0.2969781260668469,1.0,"[0.5981895327568054, 0.5435082912445068]","[1.0016486048698425, 1.279588222503662]",unknown,26.48501706123352,0.046103209257125854,falsified,6,0.01714301109313965,exact,1.9186104373891293,6.441593347884889,3.3574264073381643,match,conservative_unknown
RotatedBananaNet,2,0.800000011920929,0.800000011920929,0.2,40002,2,halfspace,"w=[1.0, 0.0],b=0.6",0.16445830733767597,0.9998000264167786,1.4661046266555786,0.9969902212511332,falsified,10.305091381072998,0.2961464586123199,0.9998000264167786,"[0.5982567071914673, 0.5487627983093262]","[1.002042531967163, 1.2821874022483826]",unknown,26.3217670917511,0.046103209257125854,falsified,6,0.01714301109313965,exact,1.8007388219328666,6.423554094914697,3.5671769923968317,match,conservative_unknown
RotatedBananaNet,2,0.800000011920929,0.800000011920929,0.4,60000,2,halfspace,"w=[1.0, 0.0],b=0.6",0.4215295036879496,1.0,1.7062857151031494,0.9969902212511332,unknown,10.164198637008667,1.0511791729646518,1.0,"[0.3886408805847168, 0.26507437229156494]","[1.1660716533660889, 1.6171936988830566]",unknown,26.206273794174194,0.1869025081396103,falsified,35,0.16463708877563477,exact,2.493726213154513,5.624211164568504,2.255344285551697,conservative_unknown,conservative_unknown
RotatedBananaNet,2,0.800000011920929,0.800000011920929,0.4,60001,2,halfspace,"w=[1.0, 0.0],b=0.6",0.4169476519800952,1.0,1.6518442630767822,0.9969902212511332,unknown,10.528622150421143,1.0308638991276755,1.0,"[0.3950299918651581, 0.2728726863861084]","[1.161129504442215, 1.6184732019901276]",unknown,26.007261991500854,0.1869025081396103,falsified,35,0.16463708877563477,exact,2.472406054410131,5.515516669030747,2.230829624119589,conservative_unknown,conservative_unknown
RotatedBananaNet,2,0.800000011920929,0.800000011920929,0.4,60002,2,halfspace,"w=[1.0, 0.0],b=0.6",0.42345386228831217,1.0,1.6540759801864624,0.9969902212511332,falsified,10.627588033676147,1.0238252911628365,0.9991999864578247,"[0.3958532214164734, 0.28444433212280273]","[1.1628972291946411, 1.6192116737365723]",unknown,26.09510827064514,0.1869025081396103,falsified,35,0.16463708877563477,exact,2.4177965590635146,5.477857420715142,2.265640341070252,match,conservative_unknown
ThreeBlobClassifier,0,-1.8544065952301025,1.3924338817596436,0.1,110000,3,classification_robustness,true_class=0,0.09502456883493604,0.9990000128746033,1.757529854774475,0.9969902212511332,verified,10.478687047958374,0.38364340615012194,0.9995999932289124,"[2.253899574279785, -7.782915115356445, 0.616771936416626]","[2.9921579360961914, -7.167285919189453, 1.4608840942382812]",verified,30.510371923446655,,verified,4,0.012071609497070312,exact,4.03730751798028,,,match,match
ThreeBlobClassifier,0,-1.8544065952301025,1.3924338817596436,0.1,110001,3,classification_robustness,true_class=0,0.09183716547278564,0.9998000264167786,1.6527680158615112,0.9969902212511332,verified,10.146177053451538,0.40498779888588904,0.9998000264167786,"[2.247337325105389, -7.79588508605957, 0.6223121169701363]","[2.995129601469318, -7.148885726928711, 1.4593731280669426]",verified,30.666683673858643,,verified,4,0.012071609497070312,exact,4.409846458141178,,,match,match
ThreeBlobClassifier,0,-1.8544065952301025,1.3924338817596436,0.1,110002,3,classification_robustness,true_class=0,0.09582141735632987,0.9998000264167786,1.7034610509872437,0.9969902212511332,verified,9.939264297485352,0.3781118589421209,1.0,"[2.2495391368865967, -7.778378486633301, 0.6303272843360901]","[2.982976198196411, -7.163351535797119, 1.4685574769973755]",verified,30.664443254470825,,verified,4,0.012071609497070312,exact,3.946005698663809,,,match,match
ThreeBlobClassifier,0,-1.8544065952301025,1.3924338817596436,0.25,125000,3,classification_robustness,true_class=0,0.9085234343199957,1.0,2.2334699630737305,0.9969902212511332,falsified,10.483789205551147,6.781468553800067,1.0,"[1.6774957180023193, -8.255691051483154, -0.10255837440490723]","[3.5953369140625, -6.681548595428467, 2.143738105893135]",unknown,30.352877140045166,,falsified,8,0.026796817779541016,exact,7.464274775560199,,,match,conservative_unknown
ThreeBlobClassifier,0,-1.8544065952301025,1.3924338817596436,0.25,125001,3,classification_robustness,true_class=0,0.9170355601507225,1.0,2.2140719890594482,0.9969902212511332,unknown,10.502172470092773,6.443861123390513,0.9998000264167786,"[1.6984177827835083, -8.228111267089844, -0.0983634740114212]","[3.5960171222686768, -6.699325084686279, 2.122873544692993]",unknown,30.299397230148315,,falsified,8,0.026796817779541016,exact,7.026838874526752,,,conservative_unknown,conservative_unknown
ThreeBlobClassifier,0,-1.8544065952301025,1.3924338817596436,0.25,125002,3,classification_robustness,true_class=0,1.0532289392424161,1.0,2.2413244247436523,0.9969902212511332,falsified,9.727332592010498,6.581387779045165,0.9998000264167786,"[1.71001136302948, -8.25701379776001, -0.1009800136089325]","[3.599612236022949, -6.682624340057373, 2.1112751960754395]",unknown,30.403680562973022,,falsified,8,0.026796817779541016,exact,6.248772260073991,,,match,conservative_unknown
ThreeBlobClassifier,0,-1.8544065952301025,1.3924338817596436,0.5,150000,3,classification_robustness,true_class=0,5.851626742843564,0.9994000196456909,2.7238879203796387,0.9969902212511332,falsified,10.588141679763794,55.8514673872708,0.9998000264167786,"[0.7280975580215454, -9.074598774104821, -1.2588458061218262]","[4.577737092971802, -5.8434744032328245, 3.231304168701172]",unknown,30.19556760787964,,falsified,11,0.03640556335449219,exact,9.544605259652995,,,match,conservative_unknown
ThreeBlobClassifier,0,-1.8544065952301025,1.3924338817596436,0.5,150001,3,classification_robustness,true_class=0,5.310766529922148,0.9995999932289124,2.6927576065063477,0.9969902212511332,unknown,10.364999294281006,52.72222546035742,1.0,"[0.7587816119194031, -9.039376258850098, -1.21427583694458]","[4.535888671875, -5.895858287811279, 3.2260873317718506]",unknown,30.395653247833252,,falsified,11,0.03640556335449219,exact,9.927422936652855,,,conservative_unknown,conservative_unknown
ThreeBlobClassifier,0,-1.8544065952301025,1.3924338817596436,0.5,150002,3,classification_robustness,true_class=0,7.1437839289269505,0.9998000264167786,2.832613229751587,0.9969902212511332,falsified,10.277500629425049,53.21750219211213,0.9998000264167786,"[0.7629908007018609, -9.02548360824585, -1.2539699483330613]","[4.5715173799164255, -5.905536651611328, 3.224712650817192]",unknown,30.45666241645813,,falsified,11,0.03640556335449219,exact,7.449483736010167,,,match,conservative_unknown
ThreeBlobClassifier,0,-1.8544065952301025,1.3924338817596436,1.0,200000,3,classification_robustness,true_class=0,78.2817741890085,1.0,3.1936795711517334,0.9969902212511332,unknown,9.797081232070923,393.93434727540193,0.9998000264167786,"[-1.0390390942793377, -10.561047077178955, -3.233188951721592]","[6.332898754904796, -4.308538913726807, 5.313303554764195]",unknown,30.189087390899658,,falsified,38,0.33963727951049805,exact,5.0322613578514686,,,conservative_unknown,conservative_unknown
ThreeBlobClassifier,0,-1.8544065952301025,1.3924338817596436,1.0,200001,3,classification_robustness,true_class=0,86.29486858967539,0.9994000196456909,3.1937673091888428,0.9969902212511332,unknown,11.915759086608887,415.04339201829066,0.9998000264167786,"[-1.0352604389190674, -10.621320724487305, -3.310567855834961]","[6.30748176574707, -4.190332412719727, 5.478797197341919]",unknown,30.18002700805664,,falsified,38,0.33963727951049805,exact,4.809595272597099,,,conservative_unknown,conservative_unknown
ThreeBlobClassifier,0,-1.8544065952301025,1.3924338817596436,1.0,200002,3,classification_robustness,true_class=0,78.16473576986027,0.9995999932289124,3.1002461910247803,0.9969902212511332,unknown,10.379011631011963,393.88373245360987,0.9995999932289124,"[-0.9786357283592224, -10.59656810760498, -3.246276617050171]","[6.354942977428436, -4.32348108291626, 5.315635681152344]",unknown,30.153875589370728,,falsified,38,0.33963727951049805,exact,5.039148774369534,,,conservative_unknown,conservative_unknown
ThreeBlobClassifier,1,-2.4122233390808105,0.7719458937644958,0.1,120000,3,classification_robustness,true_class=0,0.09853756035425931,0.9998000264167786,1.6983578205108643,0.9969902212511332,verified,10.07855772972107,0.40420925647517025,1.0,"[4.484803199768066, -8.941075325012207, -2.061718225479126]","[5.2213850021362305, -8.297656059265137, -1.208831787109375]",verified,30.61693811416626,,verified,2,0.012674808502197266,exact,4.102083053629186,,,match,match
ThreeBlobClassifier,1,-2.4122233390808105,0.7719458937644958,0.1,120001,3,classification_robustness,true_class=0,0.10075869203712529,0.9994000196456909,1.6768723726272583,0.9969902212511332,verified,12.527066230773926,0.40857882677922125,0.9998000264167786,"[4.491896353397273, -8.94940185546875, -2.0676432213449507]","[5.2319438832665455, -8.302765846252441, -1.2138428130483596]",verified,30.679417610168457,,verified,2,0.012674808502197266,exact,4.055023130199798,,,match,match
ThreeBlobClassifier,1,-2.4122233390808105,0.7719458937644958,0.1,120002,3,classification_robustness,true_class=0,0.10318174649165002,0.9995999932289124,1.738972783088684,0.9969902212511332,verified,9.947012901306152,0.4031014253532735,0.9998000264167786,"[4.490408420562744, -8.950082778930664, -2.059473752975464]","[5.217997074127197, -8.30046272277832, -1.2066309452056885]",verified,30.67032241821289,,verified,2,0.012674808502197266,exact,3.9067125636014937,,,match,match
ThreeBlobClassifier,1,-2.4122233390808105,0.7719458937644958,0.25,135000,3,classification_robustness,true_class=0,0.8923375374883946,1.0,2.1704261302948,0.9969902212511332,verified,9.913067817687988,6.302715252915342,1.0,"[3.917283296585083, -9.42449951171875, -2.6523377895355225]","[5.761251449584961, -7.798895835876465, -0.5497235655784607]",verified,30.818139791488647,,verified,2,0.01248478889465332,exact,7.06315154090143,,,match,match
ThreeBlobClassifier,1,-2.4122233390808105,0.7719458937644958,0.25,135001,3,classification_robustness,true_class=0,0.9143297990185246,1.0,2.2126502990722656,0.9969902212511332,verified,10.253848791122437,6.032082125370887,0.9990000128746033,"[3.9307761317156515, -9.4268550747968, -2.6354851722717285]","[5.741557108793382, -7.819845688905593, -0.562563419342041]",verified,30.870357513427734,,verified,2,0.01248478889465332,exact,6.597271719510779,,,match,match
ThreeBlobClassifier,1,-2.4122233390808105,0.7719458937644958,0.25,135002,3,classification_robustness,true_class=0,0.9984503939495539,0.9998000264167786,2.214479684829712,0.9969902212511332,verified,10.235673904418945,6.263070503151833,0.9995999932289124,"[3.9196531772613525, -9.434843376545377, -2.6368167400360107]","[5.745720863342285, -7.794228717418246, -0.5462509393692017]",verified,30.601224660873413,,verified,2,0.01248478889465332,exact,6.272790857818291,,,match,match
ThreeBlobClassifier,1,-2.4122233390808105,0.7719458937644958,0.5,160000,3,classification_robustness,true_class=0,5.210211554840498,1.0,2.6748855113983154,0.9969902212511332,verified,10.28989028930664,49.23523784182269,0.9995999932289124,"[2.910485029220581, -10.218537330627441, -3.571849822998047]","[6.496043682098389, -6.986917972564697, 0.6772702932357788]",verified,30.648609399795532,,verified,9,0.04997658729553223,exact,9.449757907830278,,,match,match
ThreeBlobClassifier,1,-2.4122233390808105,0.7719458937644958,0.5,160001,3,classification_robustness,true_class=0,5.247088719534702,0.9998000264167786,2.682225465774536,0.9969902212511332,verified,10.1367347240448,49.06933259454167,1.0,"[2.926103115081787, -10.214170455932617, -3.5491443276405334]","[6.522334575653076, -6.9598774909973145, 0.6436722874641418]",verified,30.616969108581543,,verified,9,0.04997658729553223,exact,9.351725350451671,,,match,match
ThreeBlobClassifier,1,-2.4122233390808105,0.7719458937644958,0.5,160002,3,classification_robustness,true_class=0,4.277746852351072,0.9994000196456909,2.597364664077759,0.9969902212511332,verified,9.712247610092163,48.41920871091048,0.9998000264167786,"[2.947135251512757, -10.194908142089844, -3.5833258215953823]","[6.5314182820413205, -6.981614589691162, 0.6206962649394983]",verified,30.43799662590027,,verified,9,0.04997658729553223,exact,11.318857889942466,,,match,match
ThreeBlobClassifier,1,-2.4122233390808105,0.7719458937644958,1.0,210000,3,classification_robustness,true_class=0,59.75774195957047,0.9998000264167786,3.020977258682251,0.9969902212511332,unknown,10.250977039337158,359.16042197622585,1.0,"[1.0709631694322037, -11.900364875793457, -5.203146457672119]","[7.8244489180082875, -5.264684200286865, 2.8113272190093994]",unknown,30.35356855392456,,falsified,27,0.15490031242370605,exact,6.010274320927628,,,conservative_unknown,conservative_unknown
ThreeBlobClassifier,1,-2.4122233390808105,0.7719458937644958,1.0,210001,3,classification_robustness,true_class=0,44.41097997796828,0.9995999932289124,2.8646435737609863,0.9969902212511332,unknown,10.257949352264404,348.0746002917086,0.9995999932289124,"[1.1139898300170898, -11.807864323296345, -5.248286565695435]","[7.8171470165252686, -5.314408168158733, 2.7485278452974855]",unknown,30.319944858551025,,falsified,27,0.15490031242370605,exact,7.837579816171225,,,conservative_unknown,conservative_unknown
ThreeBlobClassifier,1,-2.4122233390808105,0.7719458937644958,1.0,210002,3,classification_robustness,true_class=0,70.11698315132026,1.0,3.1422903537750244,0.9969902212511332,unknown,10.484882116317749,357.7221621026791,1.0,"[1.0943613052368164, -11.859744548797607, -5.341559886932373]","[7.866737604141235, -5.375647068023682, 2.804643154144287]",unknown,30.652121543884277,,falsified,27,0.15490031242370605,exact,5.101790550952183,,,conservative_unknown,conservative_unknown
ThreeBlobClassifier,2,-3.0604639053344727,-0.04657108709216118,0.1,130000,3,classification_robustness,true_class=0,0.06576307560229466,0.9990000128746033,1.6274300813674927,0.9969902212511332,verified,9.577875852584839,0.20854604885659597,0.9998000264167786,"[6.769315719604492, -9.997767448425293, -4.747726917266846]","[7.28670072555542, -9.381195068359375, -4.093988418579102]",verified,31.261358976364136,,verified,2,0.017123937606811523,exact,3.1711723782170433,,,match,match
ThreeBlobClassifier,2,-3.0604639053344727,-0.04657108709216118,0.1,130001,3,classification_robustness,true_class=0,0.06818592804645007,1.0,1.6696842908859253,0.9969902212511332,verified,9.873210668563843,0.22831726621021825,1.0,"[6.764805793762207, -10.009806345040381, -4.757995317513526]","[7.299051761627197, -9.364118864005029, -4.096121599142968]",verified,30.62208080291748,,verified,2,0.017123937606811523,exact,3.348451399747503,,,match,match
ThreeBlobClassifier,2,-3.0604639053344727,-0.04657108709216118,0.1,130002,3,classification_robustness,true_class=0,0.0631671651474024,0.9995999932289124,1.6022175550460815,0.9969902212511332,verified,9.647068738937378,0.21918629441272333,1.0,"[6.764181613922119, -9.99556560765684, -4.7566359578134705]","[7.2939887046813965, -9.371606633554098, -4.093596166515143]",verified,30.81902241706848,,verified,2,0.017123937606811523,exact,3.4699403384851264,,,match,match
ThreeBlobClassifier,2,-3.0604639053344727,-0.04657108709216118,0.25,145000,3,classification_robustness,true_class=0,0.5468446482704508,0.9990000128746033,1.9969991445541382,0.9969902212511332,verified,10.305474281311035,3.4095929091130155,1.0,"[6.354948997497559, -10.481155395507812, -5.213314533233643]","[7.662388801574707, -8.909553527832031, -3.5539634227752686]",verified,30.44171714782715,,verified,2,0.0074536800384521484,exact,6.235030222745723,,,match,match
ThreeBlobClassifier,2,-3.0604639053344727,-0.04657108709216118,0.25,145001,3,classification_robustness,true_class=0,0.5497667216997115,0.9995999932289124,2.0907773971557617,0.9969902212511332,verified,10.224618196487427,3.5109972594463343,1.0,"[6.358879566192627, -10.47265911102295, -5.239879608154297]","[7.692269802093506, -8.900213241577148, -3.5653319358825684]",verified,30.39454984664917,,verified,2,0.0074536800384521484,exact,6.386340098199103,,,match,match
ThreeBlobClassifier,2,-3.0604639053344727,-0.04657108709216118,0.25,145002,3,classification_robustness,true_class=0,0.5305645526481442,0.9991999864578247,1.9804574251174927,0.9969902212511332,verified,9.482785940170288,3.4215599125197507,0.9998000264167786,"[6.368008136749268, -10.476629257202148, -5.235147953033447]","[7.666123867034912, -8.904549598693848, -3.5585219860076904]",verified,30.529293060302734,,verified,2,0.0074536800384521484,exact,6.448904087998573,,,match,match
ThreeBlobClassifier,2,-3.0604639053344727,-0.04657108709216118,0.5,170000,3,classification_robustness,true_class=0,3.010850443871533,0.9991999864578247,2.4951894283294678,0.9969902212511332,verified,9.892007827758789,28.347290085801426,0.9998000264167786,"[5.593368079443705, -11.306520938873291, -5.967731952667236]","[8.302288506249655, -8.174314975738525, -2.6268203258514404]",verified,30.88120150566101,,verified,7,0.025504112243652344,exact,9.415044225627751,,,match,match
ThreeBlobClassifier,2,-3.0604639053344727,-0.04657108709216118,0.5,170001,3,classification_robustness,true_class=0,3.084615537680378,1.0,2.420360803604126,0.9969902212511332,verified,9.95832085609436,29.28260028430127,1.0,"[5.633035659790039, -11.318072319030762, -6.056188583374023]","[8.301978588104248, -8.148422241210938, -2.594730854034424]",verified,30.849753618240356,,verified,7,0.025504112243652344,exact,9.493111840551029,,,match,match
ThreeBlobClassifier,2,-3.0604639053344727,-0.04657108709216118,0.5,170002,3,classification_robustness,true_class=0,2.9751971548990923,1.0,2.4124350547790527,0.9969902212511332,verified,10.028773307800293,27.414572375465937,1.0,"[5.640932929459028, -11.280149459838867, -5.983582422152379]","[8.285369980392046, -8.140715599060059, -2.6814316063968153]",verified,30.871355533599854,,verified,7,0.025504112243652344,exact,9.214371669562764,,,match,match
ThreeBlobClassifier,2,-3.0604639053344727,-0.04657108709216118,1.0,220000,3,classification_robustness,true_class=0,34.15417202299432,0.9995999932289124,2.828219175338745,0.9969902212511332,verified,9.967998504638672,241.60750612498686,0.9998000264167786,"[3.826374053955078, -12.930407524108887, -7.401875019073486]","[9.523406267166138, -6.743993759155273, -0.5466331243515015]",verified,30.949424743652344,,verified,31,0.2008521556854248,exact,7.0740261530077335,,,match,match
ThreeBlobClassifier,2,-3.0604639053344727,-0.04657108709216118,1.0,220001,3,classification_robustness,true_class=0,43.10825441139605,0.9998000264167786,2.8753936290740967,0.9969902212511332,verified,10.058052778244019,233.09768542702543,0.9998000264167786,"[3.855839490890503, -12.89998197555542, -7.40229457616806]","[9.470317363739014, -6.788518905639648, -0.6089538931846619]",verified,30.809577226638794,,verified,31,0.2008521556854248,exact,5.407263379363466,,,match,match
ThreeBlobClassifier,2,-3.0604639053344727,-0.04657108709216118,1.0,220002,3,classification_robustness,true_class=0,36.032468579105625,0.9998000264167786,2.799144744873047,0.9969902212511332,verified,10.154753923416138,231.72433784765573,0.9998000264167786,"[3.836599111557007, -12.890192031860352, -7.317374348640442]","[9.52458906173706, -6.809792995452881, -0.6172826290130615]",verified,30.690368175506592,,verified,31,0.2008521556854248,exact,6.4309870232434525,,,match,match
